SALES,STOCKS,DECREASE
0,15,1
0,16,1
0,19,1
0,20,1
0,27,1
0,31,1
0,34,1
0,36,1
0,4,1
0,40,1
0,46,1
0,55,1
0,56,1
0,57,1
0,59,1
0,63,1
0,65,1
0,68,1
0,69,1
0,7,1
0,72,1
0,84,1
0,89,1
0,92,1
0,99,1
0.31,5,1
0.51,4,1
0.33,7,1
0.57,3,1
0.32,15,1
0.40,14,1
0.49,4,1
0.33,14,1
0.46,8,1
0.50,4,1
0.53,1,1
0.51,9,1
0.57,2,1
0.49,8,1
0.44,13,1
0.43,1,1
0.41,8,1
0.52,5,1
0.38,12,1
0.56,1,1
0.42,6,1
0.55,2,1
0.53,7,1
0.53,8,1
0.43,13,1
0.45,5,1
0.47,5,1
0.56,14,1
0.31,4,1
0.50,3,1
0.50,14,1
0.48,4,1
0.38,14,1
0.60,1,1
0.32,2,1
0.40,6,1
0.32,4,1
0.34,1,1
0.42,12,1
0.33,1,1
0.38,11,1
0.53,9,1
0.59,4,1
0.52,15,1
0.39,13,1
0.46,1,1
0.47,1,1
0.58,1,1
0.35,1,1
0.37,4,1
0.55,7,1
0.45,11,1
0.50,7,1
0.45,4,1
0.32,13,1
0.41,10,1
0.47,10,1
0.58,3,1
0.48,6,1
0.57,5,1
0.56,2,1
0.39,1,1
0.53,6,1
0.53,4,1
0.34,13,1
0.41,11,1
0.35,8,1
0.39,4,1
0.43,14,1
0.40,2,1
0.50,11,1
0.40,4,1
0.60,14,1
0.38,4,1
0.41,13,1
0.45,1,1
0.42,14,1
0.54,6,1
0.33,11,1
0.44,7,1
0.47,11,1
0.38,15,1
0.46,6,1
0.48,8,1
0.35,6,1
0.44,10,1
0.51,10,1
0.39,6,1
0.48,11,1
0.43,5,1
0.44,8,1
0.42,3,1
0.41,6,1
0.56,4,1
0.43,15,1
0.45,13,1
0.54,9,1
0.31,15,1
0.32,5,1
0.56,5,1
0.39,15,1
0.49,14,1
0.50,10,1
0.58,8,1
0.58,12,1
0.51,14,1
0.58,13,1
0.48,1,1
0.36,13,1
0.46,9,1
0.58,15,1
0.60,9,1
0.55,9,1
0.58,4,1
0.56,9,1
0.39,10,1
0.42,15,1
0.59,10,1
0.44,1,1
0.40,1,1
0.52,14,1
0.37,8,1
0.45,7,1
0.59,8,1
0.33,13,1
0.58,9,1
0.54,3,1
0.59,15,1
0.46,14,1
0.53,2,1
0.50,9,1
0.52,6,1
0.47,8,1
0.41,7,1
0.60,5,1
0.46,4,1
0.55,10,1
0.37,12,1
0.59,3,1
0.57,15,1
0.35,11,1
0.35,15,1
0.51,11,1
0.52,11,1
0.41,12,1
0.48,15,1
0.56,3,1
0.53,10,1
0.50,6,1
0.57,8,1
0.48,2,1
0.42,11,1
0.33,8,1
0.33,6,1
0.45,12,1
0.40,5,1
0.41,2,1
0.53,5,1
0.56,10,1
0.40,15,1
0.49,15,1
0.31,12,1
0.45,14,1
0.60,11,1
0.38,3,1
0.57,9,1
0.36,3,1
0.57,13,1
0.50,1,1
0.31,3,1
0.49,13,1
0.42,13,1
0.34,5,1
0.54,1,1
0.31,11,1
0.34,6,1
0.34,14,1
0.44,4,1
0.39,5,1
0.31,13,1
0.58,10,1
0.36,9,1
0.55,11,1
0.32,11,1
0.32,6,1
0.37,10,1
0.51,5,1
0.48,13,1
0.41,5,1
0.35,5,1
0.50,12,1
0.52,9,1
0.46,12,1
0.49,7,1
0.52,3,1
0.47,15,1
0.44,2,1
0.55,8,1
0.51,15,1
0.36,15,1
0.54,13,1
0.47,4,1
0.44,14,1
0.42,4,1
0.36,1,1
0.55,3,1
0.59,2,1
0.55,5,1
0.34,9,1
0.33,5,1
0.52,2,1
0.36,10,1
0.40,8,1
0.60,3,1
0.36,7,1
0.31,6,1
0.33,10,1
0.43,10,1
0.46,5,1
0.54,15,1
0.45,6,1
0.34,15,1
0.35,4,1
0.45,2,1
0.43,9,1
0.50,13,1
0.60,6,1
0.58,7,1
0.36,12,1
0.37,2,1
0.35,2,1
0.35,3,1
0.33,15,1
0.41,1,1
0.59,13,1
0.60,8,1
0.44,12,1
0.60,10,1
0.52,12,1
0.48,10,1
0.52,10,1
0.59,9,1
0.43,6,1
0.44,6,1
0.34,4,1
0.56,15,1
0.31,2,1
0.60,2,1
0.36,2,1
0.55,13,1
0.39,12,1
0.58,5,1
0.60,7,1
0.41,4,1
0.47,14,1
0.46,11,1
0.37,6,1
0.50,5,1
0.57,12,1
0.54,4,1
0.35,14,1
0.54,14,1
0.39,2,1
0.34,7,1
0.54,2,1
0.55,14,1
0.59,6,1
0.32,3,1
0.43,11,1
0.55,4,1
0.31,14,1
0.48,5,1
0.59,1,1
0.51,2,1
0.40,9,1
0.43,7,1
0.45,9,1
0.36,4,1
0.50,8,1
0.53,11,1
0.44,3,1
0.57,1,1
0.46,15,1
0.38,2,1
0.31,9,1
0.41,9,1
0.43,12,1
0.39,3,1
0.33,3,1
0.55,15,1
0.38,9,1
0.43,8,1
0.49,5,1
0.55,1,1
0.34,3,1
0.48,12,1
0.47,2,1
0.50,2,1
0.38,5,1
0.35,7,1
0.33,9,1
0.36,11,1
0.39,14,1
0.60,13,1
0.56,13,1
0.51,8,1
0.41,3,1
0.54,11,1
0.39,11,1
0.37,1,1
0.54,5,1
0.38,6,1
0.32,9,1
0.38,10,1
0.39,8,1
0.32,8,1
0.42,7,1
0.46,7,1
0.58,14,1
0.49,9,1
0.45,3,1
0.34,12,1
0.37,13,1
0.32,14,1
0.46,10,1
0.49,10,1
0.33,4,1
0.50,15,1
0.51,12,1
0.35,9,1
0.48,7,1
0.37,9,1
0.59,5,1
0.56,11,1
0.48,14,1
0.53,3,1
0.52,4,1
0.44,9,1
0.47,3,1
0.47,13,1
0.51,1,1
0.48,3,1
0.34,8,1
0.42,8,1
0.44,5,1
0.35,10,1
0.56,12,1
0.37,7,1
0.59,7,1
0.45,8,1
0.56,8,1
0.40,10,1
0.32,1,1
0.57,7,1
0.58,6,1
0.51,6,1
0.49,1,1
0.35,12,1
0.33,12,1
0.47,9,1
0.56,6,1
0.38,7,1
0.54,10,1
0.38,13,1
0.45,10,1
0.37,5,1
0.47,12,1
0.56,7,1
0.39,7,1
0.49,2,1
0.58,11,1
0.55,12,1
0.57,14,1
0.37,3,1
0.40,7,1
0.53,14,1
0.35,13,1
0.42,2,1
0.42,9,1
0.54,8,1
0.60,15,1
0.36,5,1
0.39,9,1
0.31,8,1
0.57,11,1
0.34,2,1
0.40,12,1
0.40,13,1
0.36,6,1
0.43,2,1
0.54,12,1
0.47,7,1
0.52,1,1
0.52,8,1
0.45,15,1
0.60,4,1
0.52,7,1
0.34,11,1
0.46,13,1
0.43,3,1
0.38,1,1
0.59,11,1
0.60,12,1
0.42,1,1
0.37,15,1
0.36,14,1
0.57,6,1
0.40,3,1
0.43,4,1
0.34,10,1
0.42,10,1
0.49,6,1
0.38,8,1
0.32,10,1
0.51,7,1
0.55,6,1
0.31,10,1
0.49,3,1
0.41,15,1
0.37,14,1
0.49,11,1
0.42,5,1
0.44,15,1
0.53,15,1
0.46,2,1
0.32,7,1
0.53,13,1
0.57,10,1
0.54,7,1
0.32,12,1
0.41,14,1
0.51,3,1
0.52,13,1
0.51,13,1
0.53,12,1
0.37,11,1
0.59,14,1
0.46,3,1
0.48,9,1
0.44,11,1
0.31,7,1
0.57,4,1
0.59,12,1
0.36,8,1
0.49,12,1
0.40,11,1
0.47,6,1
0.58,2,1
0.31,1,1
0.33,2,1
0.20,53,1
0.17,97,1
0.9,88,1
0.4,48,1
0.17,71,1
0.28,54,1
0.30,46,1
0.20,93,1
0.9,46,1
0.20,26,1
0.26,80,1
0.30,91,1
0.2,91,1
0.14,95,1
0.26,19,1
0.14,88,1
0.7,27,1
0.1,67,1
0.20,48,1
0.22,66,1
0.10,63,1
0.10,64,1
0.20,89,1
0.13,17,1
0.3,79,1
0.23,62,1
0.20,22,1
0.12,73,1
0.1,59,1
0.27,91,1
0.13,21,1
0.7,63,1
0.29,54,1
0.4,58,1
0.4,46,1
0.22,43,1
0.9,56,1
0.21,65,1
0.11,40,1
0.22,56,1
0.6,66,1
0,89,1
0.2,76,1
0.22,40,1
0.6,28,1
0.26,23,1
0.4,88,1
0.3,40,1
0.2,93,1
0.13,97,1
0.1,43,1
0.2,80,1
0.6,98,1
0.11,73,1
0.4,57,1
0.4,85,1
0.28,68,1
0.9,49,1
0.6,86,1
0.1,41,1
0.20,84,1
0,31,1
0.10,54,1
0.20,97,1
0.25,38,1
0.8,80,1
0.14,49,1
0.27,24,1
0.19,37,1
0.10,25,1
0.21,28,1
0.23,58,1
0.17,27,1
0.2,19,1
0.22,60,1
0.1,30,1
0.25,59,1
0.8,89,1
0.15,21,1
0.5,71,1
0.11,27,1
0.8,58,1
0.24,88,1
0.5,64,1
0.25,61,1
0.21,73,1
0.3,23,1
0.12,95,1
0.1,42,1
0.29,38,1
0.7,66,1
0.9,24,1
0.20,16,1
0.17,77,1
0.12,32,1
0.15,70,1
0.21,83,1
0.21,34,1
0.17,55,1
0.30,40,1
0.6,68,1
0.11,66,1
0.26,74,1
0.25,73,1
0.2,77,1
0.22,73,1
0.25,65,1
0.1,45,1
0.15,97,1
0.13,94,1
0.4,86,1
0.27,54,1
0.17,68,1
0.8,27,1
0.7,25,1
0.25,96,1
0.22,25,1
0.18,25,1
0.16,27,1
0.23,40,1
0.3,80,1
0.6,43,1
0.10,83,1
0.30,39,1
0.4,28,1
0.26,44,1
0.26,32,1
0.20,50,1
0.5,90,1
0.7,97,1
0.6,35,1
0.28,16,1
0.4,37,1
0.24,100,1
0.5,50,1
0.13,91,1
0.16,31,1
0.27,89,1
0.27,63,1
0.18,87,1
0.3,81,1
0,88,1
0.6,81,1
0.8,63,1
0.4,17,1
0.12,99,1
0.21,52,1
0.20,31,1
0.3,62,1
0.4,44,1
0.12,17,1
0.16,55,1
0.2,98,1
0.22,46,1
0.19,22,1
0.7,22,1
0.5,55,1
0.12,38,1
0.12,51,1
0.6,60,1
0.22,80,1
0.13,77,1
0.27,64,1
0.18,68,1
0.29,41,1
0.22,35,1
0.16,83,1
0.25,93,1
0.21,100,1
0.9,72,1
0.23,26,1
0.4,16,1
0.22,20,1
0.4,79,1
0.22,39,1
0.6,24,1
0.24,44,1
0.26,17,1
0.22,27,1
0.2,72,1
0.22,55,1
0.28,99,1
0.29,78,1
0.30,68,1
0.19,88,1
0.23,99,1
0.23,74,1
0.2,83,1
0.16,42,1
0.4,93,1
0.29,99,1
0.15,19,1
0.18,85,1
0.20,72,1
0.23,42,1
0.10,90,1
0.4,80,1
0,59,1
0.20,98,1
0.8,92,1
0.16,87,1
0.30,98,1
0.30,30,1
0.19,64,1
0.16,100,1
0.14,87,1
0.7,60,1
0.29,76,1
0.6,54,1
0.2,43,1
0.4,34,1
0.27,96,1
0.5,53,1
0.20,28,1
0.17,19,1
0,33,1
0.19,80,1
0.29,23,1
0.7,69,1
0.13,57,1
0.9,23,1
0.3,69,1
0.19,51,1
0.29,44,1
0.5,66,1
0.6,44,1
0.24,92,1
0.10,30,1
0.8,60,1
0.10,41,1
0.1,80,1
0.19,19,1
0.29,63,1
0.20,71,1
0.26,93,1
0.30,90,1
0.28,58,1
0.15,42,1
0.26,100,1
0.3,63,1
0.5,95,1
0.10,75,1
0.3,45,1
0.8,55,1
0.21,59,1
0.11,54,1
0.9,97,1
0.22,62,1
0.26,54,1
0.6,93,1
0.19,36,1
0.12,37,1
0.21,89,1
0.28,19,1
0.8,76,1
0.21,45,1
0,97,1
0.29,42,1
0.20,66,1
0.11,42,1
0,30,1
0,82,1
0.22,58,1
0.23,29,1
0.24,34,1
0.24,23,1
0.8,79,1
0.15,74,1
0.8,28,1
0.16,69,1
0.10,92,1
0.20,92,1
0.3,24,1
0.5,45,1
0.23,46,1
0.11,43,1
0.11,39,1
0.14,53,1
0.16,46,1
0.11,29,1
0.11,55,1
0.12,54,1
0.29,79,1
0.21,94,1
0.29,31,1
0.8,22,1
0.27,81,1
0.15,96,1
0.6,40,1
0.13,68,1
0.20,62,1
0.24,60,1
0.25,24,1
0.23,25,1
0.12,76,1
0.4,33,1
0.17,53,1
0.22,57,1
0.5,37,1
0.20,74,1
0.8,94,1
0.13,62,1
0.9,31,1
0.7,100,1
0.9,65,1
0.26,85,1
0.7,40,1
0.7,79,1
0.15,40,1
0.8,38,1
0.13,48,1
0.24,56,1
0.16,98,1
0.20,79,1
0.21,87,1
0.18,66,1
0.19,35,1
0.12,91,1
0.17,87,1
0.18,40,1
0.29,20,1
0.7,32,1
0.17,23,1
0.1,62,1
0.5,41,1
0.11,28,1
0.18,83,1
0.5,85,1
0.30,58,1
0.26,59,1
0.20,73,1
0.11,45,1
0.24,40,1
0,40,1
0.5,54,1
0.25,47,1
0.17,74,1
0.17,54,1
0.12,44,1
0.24,53,1
0.27,52,1
0.9,71,1
0.16,88,1
0.10,73,1
0.1,18,1
0.3,93,1
0.17,20,1
0.16,26,1
0.14,66,1
0.5,18,1
0.6,41,1
0.16,47,1
0.19,75,1
0.19,42,1
0,56,1
0.20,51,1
0.22,22,1
0.1,37,1
0.26,39,1
0.6,65,1
0.10,87,1
0.15,24,1
0.7,57,1
0.21,56,1
0.11,16,1
0.25,18,1
0.6,30,1
0.18,45,1
0.15,95,1
0.17,91,1
0.26,49,1
0.21,85,1
0.19,86,1
0.10,76,1
0.12,46,1
0.2,22,1
0.30,38,1
0.14,63,1
0.13,49,1
0.23,49,1
0.20,37,1
0.16,36,1
0.19,50,1
0.30,71,1
0.19,47,1
0,69,1
0.27,65,1
0.22,68,1
0.3,47,1
0.28,46,1
0.27,94,1
0.14,25,1
0.22,82,1
0.17,72,1
0.19,61,1
0.11,50,1
0.9,95,1
0.13,53,1
0.21,95,1
0.10,22,1
0,24,1
0.29,25,1
0.3,86,1
0.8,86,1
0.14,62,1
0.19,99,1
0.27,48,1
0.23,73,1
0.19,24,1
0.10,24,1
0.21,72,1
0.27,43,1
0.6,91,1
0.14,89,1
0.28,91,1
0.14,39,1
0.25,72,1
0.23,96,1
0.13,75,1
0.18,64,1
0.3,57,1
0.13,86,1
0.24,28,1
0.15,23,1
0,90,1
0.23,17,1
0.17,59,1
0.21,36,1
0.13,38,1
0.22,97,1
0.5,78,1
0.11,61,1
0,92,1
0.11,49,1
0.18,61,1
0.28,74,1
0.7,78,1
0.8,87,1
0.23,30,1
0.2,74,1
0,51,1
0.28,57,1
0.18,78,1
0.26,77,1
0.6,59,1
0.3,87,1
0.4,77,1
0.28,92,1
0.4,83,1
0.8,88,1
0.21,29,1
0.18,21,1
0.27,67,1
0.18,96,1
0.1,72,1
0.1,71,1
0.27,29,1
0.19,84,1
0.12,48,1
0.15,92,1
0.9,28,1
0,43,1
0.26,36,1
0.27,97,1
0.6,18,1
0.21,82,1
0,94,1
0.22,21,1
0.12,31,1
0.18,30,1
0,28,1
0.5,97,1
0.16,77,1
0.20,17,1
0.28,24,1
0.7,93,1
0.22,85,1
0.23,61,1
0.16,97,1
0,81,1
0.7,82,1
0.2,29,1
0.11,78,1
0.12,59,1
0.14,58,1
0.25,84,1
0.16,35,1
0.18,46,1
0.13,69,1
0.8,32,1
0.17,39,1
0.21,19,1
0,98,1
0.16,23,1
0.5,19,1
0.15,85,1
0.28,52,1
0.5,65,1
0.23,44,1
0.26,34,1
0.17,16,1
0.14,47,1
0.4,36,1
0.11,17,1
0.3,60,1
0.7,71,1
0.5,72,1
0.9,45,1
0.13,96,1
0.10,29,1
0.23,94,1
0.16,41,1
0.26,75,1
0.13,20,1
0.13,98,1
0.29,26,1
0.21,40,1
0,75,1
0.5,75,1
0.29,65,1
0.26,98,1
0.20,94,1
0.10,50,1
0.18,43,1
0.22,78,1
0.4,90,1
0.5,87,1
0.17,93,1
0.7,92,1
0.17,36,1
0.9,94,1
0.5,98,1
0.29,49,1
0.17,24,1
0.30,99,1
0.30,83,1
0.3,71,1
0.12,34,1
0.9,81,1
0.11,75,1
0.18,86,1
0.24,52,1
0.7,52,1
0.26,90,1
0.14,94,1
0.22,36,1
0.11,36,1
0.11,82,1
0.19,38,1
0.6,75,1
0.4,45,1
0.16,60,1
0.19,79,1
0.25,92,1
0.26,82,1
0.25,99,1
0.29,30,1
0.1,74,1
0.10,55,1
0.30,42,1
0.2,55,1
0.29,24,1
0.3,46,1
0.23,52,1
0.14,96,1
0.2,66,1
0,67,1
0.9,27,1
0.5,34,1
0.1,49,1
0.27,59,1
0.27,26,1
0.28,96,1
0.12,78,1
0.28,86,1
0.7,46,1
0.28,18,1
0.12,69,1
0.24,98,1
0.23,68,1
0.25,91,1
0.19,58,1
0.28,50,1
0.9,54,1
0.26,62,1
0.29,53,1
0.10,58,1
0.24,87,1
0.1,81,1
0.3,48,1
0.5,84,1
0.4,40,1
0.21,18,1
0.8,50,1
0.17,21,1
0.23,47,1
0.30,70,1
0.27,32,1
0.12,61,1
0.26,51,1
0,39,1
0.1,22,1
0.16,62,1
0.25,62,1
0.3,83,1
0.1,40,1
0.28,62,1
0.26,58,1
0.22,45,1
0.23,33,1
0.13,29,1
0.1,31,1
0.10,88,1
0.21,35,1
0.3,59,1
0.11,52,1
0.19,78,1
0.6,58,1
0.13,32,1
0.29,80,1
0.21,90,1
0.1,35,1
0.10,66,1
0.13,81,1
0.12,30,1
0.29,91,1
0.28,21,1
0.4,67,1
0.18,81,1
0.24,54,1
0.13,95,1
0.27,62,1
0.1,50,1
0.12,71,1
0.27,31,1
0.24,33,1
0.25,57,1
0.19,17,1
0.8,18,1
0.24,63,1
0.6,34,1
0.29,73,1
0,38,1
0.10,51,1
0.23,70,1
0.12,84,1
0.6,78,1
0.24,18,1
0.16,59,1
0.6,25,1
0.6,53,1
0.7,91,1
0.21,43,1
0.21,60,1
0.4,50,1
0.26,38,1
0.20,90,1
0.28,79,1
0.16,18,1
0,17,1
0.5,42,1
0.5,40,1
0.23,22,1
0.2,67,1
0.1,98,1
0.18,39,1
0.19,43,1
0.26,79,1
0.11,94,1
0.1,66,1
0.20,57,1
0.27,21,1
0.15,44,1
0.1,60,1
0.30,67,1
0.30,17,1
0.20,60,1
0.30,56,1
0.18,67,1
0.25,100,1
0.10,20,1
0.18,73,1
0.4,32,1
0.8,20,1
0.25,44,1
0.5,73,1
0.27,87,1
0.16,56,1
0.11,30,1
0.6,96,1
0.27,92,1
0.17,65,1
0.23,88,1
0.1,58,1
0.2,44,1
0.7,62,1
0.24,24,1
0.16,17,1
0.10,89,1
0.13,93,1
0.2,81,1
0.1,24,1
0.12,55,1
0.3,26,1
0.22,49,1
0.13,72,1
0,50,1
0.2,53,1
0.17,79,1
0.5,24,1
0.4,47,1
0.15,28,1
0.17,56,1
0.1,51,1
0.19,52,1
0.30,92,1
0.18,53,1
0.25,39,1
0.6,70,1
0.19,85,1
0.11,88,1
0.27,90,1
0.5,57,1
0.19,62,1
0.10,44,1
0.7,17,1
0.24,95,1
0.20,32,1
0.24,68,1
0.11,19,1
0.26,61,1
0.27,73,1
0.8,33,1
0.13,33,1
0.16,67,1
0.27,53,1
0.21,53,1
0.27,39,1
0.2,57,1
0.26,53,1
0.14,26,1
0.21,25,1
0.27,76,1
0.1,55,1
0.14,60,1
0.24,41,1
0.11,97,1
0.23,83,1
0.11,60,1
0.24,84,1
0.10,93,1
0.1,47,1
0.26,45,1
0.16,48,1
0.10,96,1
0.16,84,1
0.19,40,1
0.10,17,1
0.30,32,1
0.12,22,1
0.15,78,1
0.25,71,1
0.18,35,1
0.8,85,1
0.28,30,1
0.23,86,1
0.3,25,1
0.8,82,1
0.7,29,1
0.8,100,1
0.2,18,1
0.11,95,1
0.20,45,1
0.26,46,1
0.29,35,1
0.17,86,1
0.19,91,1
0.11,98,1
0.17,38,1
0.28,45,1
0.14,67,1
0.4,91,1
0.28,49,1
0.24,67,1
0.24,58,1
0.6,94,1
0.17,41,1
0.27,60,1
0.25,20,1
0.22,76,1
0.12,23,1
0.24,77,1
0.2,62,1
0.13,44,1
0.7,28,1
0.15,68,1
0.12,39,1
0.3,75,1
0.10,18,1
0.12,29,1
0.9,67,1
0.22,54,1
0.1,69,1
0.14,38,1
0.6,88,1
0.27,17,1
0.9,37,1
0.25,81,1
0.27,23,1
0.17,47,1
0.15,64,1
0.12,70,1
0.3,31,1
0.14,45,1
0.30,97,1
0.16,49,1
0.7,35,1
0.17,32,1
0.14,61,1
0.10,78,1
0.16,63,1
0,70,1
0.20,19,1
0.30,22,1
0.8,29,1
0.9,16,1
0.6,50,1
0.23,16,1
0.23,53,1
0.5,43,1
0.25,68,1
0.29,37,1
0.24,86,1
0.1,95,1
0.17,22,1
0.9,21,1
0.1,54,1
0,47,1
0.13,67,1
0.30,73,1
0.21,44,1
0.19,29,1
0.15,46,1
0.15,73,1
0.30,37,1
0.18,97,1
0.5,61,1
0.4,97,1
0.11,41,1
0.6,64,1
0.5,38,1
0.7,83,1
0.1,79,1
0.25,28,1
0.1,90,1
0.23,75,1
0.21,63,1
0.22,16,1
0.11,90,1
0.2,90,1
0.24,72,1
0.10,33,1
0.10,35,1
0.18,51,1
0.22,70,1
0.11,44,1
0.27,38,1
0,99,1
0.6,57,1
0.13,87,1
0.27,98,1
0.5,79,1
0.5,89,1
0.7,90,1
0.22,31,1
0.14,50,1
0.18,72,1
0.18,100,1
0.22,63,1
0.17,48,1
0.8,90,1
0.16,52,1
0.1,27,1
0.28,84,1
0.1,56,1
0.23,51,1
0.15,38,1
0.16,75,1
0.8,46,1
0.10,100,1
0.10,46,1
0.25,70,1
0.7,51,1
0.12,80,1
0.14,65,1
0.15,35,1
0.1,21,1
0.3,36,1
0.7,81,1
0.11,33,1
0.10,59,1
0.19,60,1
0.20,20,1
0.7,56,1
0.12,85,1
0.23,79,1
0.5,58,1
0.27,84,1
0.21,33,1
0.20,41,1
0.15,47,1
0.12,35,1
0.25,32,1
0.27,51,1
0.23,56,1
0.15,55,1
0,57,1
0.23,20,1
0.25,66,1
0.14,91,1
0.23,32,1
0.23,34,1
0.29,46,1
0.2,54,1
0.15,56,1
0.18,52,1
0.13,88,1
0.15,41,1
0.23,54,1
0.9,90,1
0.17,31,1
0.24,78,1
0.9,92,1
0,55,1
0.15,29,1
0.24,61,1
0.14,84,1
0.26,68,1
0.9,18,1
0.11,32,1
0.23,90,1
0.5,29,1
0.17,62,1
0.27,28,1
0.9,47,1
0.26,56,1
0.25,75,1
0,95,1
0.21,47,1
0,65,1
0.11,23,1
0.8,96,1
0.28,51,1
0.15,16,1
0.2,99,1
0,84,1
0.2,51,1
0.10,45,1
0.21,64,1
0.8,53,1
0.6,99,1
0.2,79,1
0.16,21,1
0.28,39,1
0.18,88,1
0.17,45,1
0.10,86,1
0.17,73,1
0.1,93,1
0.6,33,1
0.12,94,1
0.26,41,1
0.14,92,1
0.11,74,1
0.25,88,1
0.5,70,1
0.9,82,1
0.10,68,1
0.3,30,1
0.30,16,1
0.15,48,1
0.30,55,1
0.4,22,1
0.15,58,1
0.22,51,1
0.10,34,1
0.4,43,1
0,63,1
0.9,85,1
0.3,18,1
0,44,1
0,20,1
0.18,36,1
0.3,94,1
0.27,80,1
0.26,22,1
0.9,98,1
0.19,94,1
0.4,78,1
0.12,27,1
0.3,19,1
0.13,74,1
0.13,71,1
0.5,48,1
0.23,95,1
0.7,16,1
0.5,22,1
0.30,79,1
0.18,82,1
0.27,25,1
0.18,23,1
0.26,24,1
0,100,1
0.18,69,1
0.12,40,1
0.5,77,1
0.18,60,1
0.28,32,1
0.25,41,1
0.30,36,1
0.1,61,1
0.24,70,1
0.4,51,1
0.2,73,1
0.20,54,1
0.18,77,1
0.10,49,1
0.2,21,1
0.17,78,1
0.2,78,1
0.5,35,1
0.1,87,1
0.5,82,1
0,16,1
0.28,59,1
0.12,62,1
0.19,25,1
0.24,76,1
0.21,67,1
0.28,42,1
0.4,64,1
0.9,57,1
0.21,71,1
0.8,51,1
0.7,39,1
0.14,16,1
0.25,48,1
0.17,46,1
0.23,60,1
0.29,45,1
0.2,65,1
0.13,63,1
0.19,54,1
0.30,65,1
0.2,31,1
0.11,20,1
0.14,22,1
0.21,92,1
0.19,83,1
0.15,27,1
0.26,26,1
0,45,1
0.22,90,1
0.15,33,1
0.29,36,1
0.7,50,1
0.18,27,1
0.18,89,1
0.14,32,1
0.13,55,1
0.20,95,1
0.1,75,1
0.8,36,1
0.19,96,1
0.28,38,1
0.29,17,1
0.8,17,1
0.12,96,1
0.30,20,1
0.24,39,1
0.24,90,1
0.6,87,1
0,66,1
0.27,33,1
0.8,70,1
0.10,19,1
0.2,64,1
0.26,89,1
0.12,36,1
0.5,93,1
0.25,63,1
0.9,73,1
0.10,84,1
0.14,30,1
0.25,50,1
0.16,64,1
0.29,64,1
0.17,69,1
0.10,98,1
0.4,61,1
0.7,38,1
0.29,51,1
0.10,26,1
0.15,67,1
0.2,16,1
0.7,80,1
0.24,81,1
0.25,16,1
0.15,20,1
0.9,48,1
0.16,96,1
0.14,43,1
0.5,96,1
0.20,81,1
0.20,34,1
0.13,82,1
0,68,1
0.9,43,1
0.5,44,1
0.18,38,1
0.6,83,1
0.28,61,1
0.1,46,1
0.29,27,1
0.20,80,1
0.17,29,1
0,23,1
0.26,42,1
0.1,83,1
0.24,26,1
0,86,1
0.9,38,1
0.20,42,1
0.22,84,1
0.26,57,1
0.13,50,1
0.9,58,1
0.24,79,1
0.13,43,1
0.8,65,1
0.14,73,1
0.9,91,1
0.4,95,1
0.26,29,1
0.2,84,1
0.3,32,1
0.2,94,1
0.30,18,1
0.22,93,1
0.2,50,1
0.23,18,1
0.29,58,1
0.20,59,1
0.4,75,1
0.23,59,1
0,36,1
0.12,16,1
0.15,34,1
0.9,61,1
0.28,33,1
0,54,1
0,34,1
0.5,83,1
0.13,42,1
0.2,37,1
0,72,1
0.28,78,1
0.16,40,1
0.18,18,1
0.21,50,1
0.28,73,1
0.24,38,1
0.28,93,1
0.29,21,1
0.17,90,1
0.19,68,1
0.17,44,1
0.2,49,1
0.12,89,1
0.29,85,1
0.23,85,1
0.1,96,1
0.28,53,1
0.9,17,1
0.18,29,1
0.19,98,1
0.1,16,1
0.19,44,1
0.27,85,1
0.6,47,1
0.12,24,1
0.3,91,1
0.24,69,1
0.15,72,1
0.19,41,1
0,49,1
0.27,34,1
0.7,67,1
0.4,89,1
0.5,46,1
0.13,66,1
0.2,100,1
0.28,66,1
0.26,99,1
0.24,29,1
0.16,53,1
0.14,99,1
0.4,29,1
0.26,70,1
0.30,50,1
0.26,83,1
0.28,43,1
0.9,78,1
0.5,31,1
0.7,19,1
0.5,86,1
0.5,56,1
0.29,90,1
0.22,81,1
0.14,64,1
0.1,20,1
0.17,96,1
0.3,41,1
0.29,61,1
0.10,56,1
0.30,19,1
0.24,19,1
0.15,81,1
0.23,57,1
0.29,55,1
0.15,57,1
0.15,39,1
0.19,95,1
0.19,66,1
0.25,54,1
0.15,79,1
0.25,64,1
0.11,24,1
0.30,64,1
0.24,55,1
0.23,45,1
0.22,64,1
0.7,20,1
0.5,76,1
0.16,20,1
0.18,48,1
0.30,60,1
0.1,77,1
0.11,89,1
0.18,63,1
0.21,61,1
0.6,36,1
0.19,31,1
0.4,39,1
0,25,1
0.7,41,1
0.11,46,1
0.7,61,1
0.4,69,1
0.27,46,1
0,58,1
0.26,91,1
0.7,43,1
0.3,51,1
0.27,83,1
0.12,19,1
0.9,83,1
0.11,67,1
0.30,100,1
0.17,26,1
0.12,68,1
0.15,22,1
0.16,86,1
0.7,65,1
0.15,83,1
0,76,1
0.24,99,1
0.4,18,1
0.28,69,1
0.21,68,1
0.17,30,1
0.21,86,1
0.27,71,1
0.7,26,1
0.11,69,1
0.9,32,1
0.13,18,1
0.25,74,1
0.4,81,1
0.22,86,1
0.25,19,1
0,37,1
0.28,67,1
0.22,17,1
0.3,73,1
0.1,23,1
0.21,54,1
0.14,28,1
0.8,59,1
0.26,28,1
0.17,61,1
0.30,49,1
0.28,44,1
0.8,25,1
0.4,24,1
0.30,28,1
0.18,93,1
0.24,47,1
0.1,44,1
0.3,37,1
0.5,47,1
0.4,19,1
0.20,67,1
0.12,74,1
0.8,97,1
0.17,75,1
0.24,27,1
0.9,53,1
0.16,74,1
0.23,77,1
0.17,92,1
0.12,57,1
0.29,68,1
0.29,40,1
0.24,51,1
0.4,70,1
0.21,57,1
0.10,82,1
0.22,44,1
0.19,21,1
0.8,91,1
0.15,17,1
0.30,21,1
0.24,96,1
0.8,95,1
0.24,91,1
0.5,92,1
0.28,95,1
0.7,21,1
0.22,24,1
0.17,52,1
0.8,26,1
0.28,81,1
0.15,37,1
0.10,74,1
0.6,26,1
0.23,80,1
0.28,83,1
0.16,94,1
0.5,100,1
0,27,1
0.17,94,1
0.19,100,1
0.1,73,1
0.4,65,1
0.23,93,1
0.28,100,1
0.30,86,1
0.27,30,1
0.23,92,1
0.13,22,1
0.26,76,1
0.8,57,1
0.26,94,1
0.14,35,1
0.18,42,1
0.3,89,1
0.12,49,1
0.7,99,1
0.28,22,1
0.6,48,1
0.27,44,1
0.23,50,1
0.3,54,1
0.6,16,1
0.9,96,1
0.24,65,1
0.29,88,1
0.18,47,1
0.12,97,1
0.7,55,1
0.1,26,1
0.26,50,1
0.16,54,1
0.28,89,1
0.25,80,1
0.11,21,1
0.17,84,1
0.18,80,1
0.27,41,1
0.10,37,1
0.11,71,1
0.30,84,1
0.23,43,1
0.4,56,1
0.29,75,1
0.28,41,1
0.2,87,1
0.23,87,1
0.17,64,1
0.16,43,1
0.21,30,1
0.6,56,1
0.5,68,1
0.15,69,1
0.7,54,1
0.13,25,1
0.6,42,1
0.20,58,1
0.25,89,1
0.6,69,1
0.20,56,1
0.7,44,1
0.10,99,1
0.18,71,1
0.4,73,1
0.20,36,1
0.10,69,1
0.14,27,1
0.26,88,1
0.30,43,1
0.17,40,1
0.27,27,1
0.1,86,1
0.10,71,1
0.5,63,1
0.3,95,1
0.21,39,1
0.14,75,1
0.6,100,1
0.7,31,1
0.27,72,1
0.9,100,1
0.4,23,1
0.24,42,1
0.26,64,1
0.3,64,1
0.12,87,1
0.9,30,1
0.2,30,1
0.9,33,1
0.11,100,1
0.13,90,1
0.3,50,1
0.24,75,1
0.11,80,1
0.3,67,1
0.15,31,1
0.21,66,1
0.23,21,1
0.5,23,1
0,96,1
0.9,55,1
0.11,34,1
0.17,83,1
0.30,26,1
0.18,75,1
0.29,70,1
0.10,79,1
0.29,22,1
0.28,72,1
0.4,42,1
0,64,1
0.19,93,1
0.28,31,1
0.6,45,1
0.6,97,1
0.22,96,1
0.1,94,1
0.23,78,1
0.12,86,1
0.2,56,1
0.21,24,1
0.29,97,1
0.18,37,1
0.11,70,1
0.8,42,1
0.24,57,1
0.8,71,1
0.7,75,1
0.17,34,1
0.27,47,1
0.10,38,1
0.8,31,1
0.11,86,1
0.20,85,1
0.6,61,1
0.18,70,1
0.22,95,1
0.19,48,1
0.23,97,1
0.7,70,1
0.20,100,1
0.22,100,1
0.8,40,1
0.3,52,1
0.20,25,1
0.2,48,1
0.30,48,1
0.16,90,1
0.28,85,1
0.3,77,1
0.23,36,1
0.15,87,1
0.13,39,1
0.13,24,1
0.5,91,1
0.1,84,1
0.30,87,1
0.3,28,1
0.30,47,1
0.26,21,1
0.8,49,1
0.7,37,1
0.13,47,1
0.16,45,1
0.27,36,1
0.29,59,1
0.25,46,1
0.14,79,1
0.17,66,1
0.15,61,1
0.27,57,1
0.8,66,1
0.25,94,1
0.15,36,1
0.23,35,1
0.1,34,1
0.27,75,1
0.26,81,1
0.19,27,1
0.29,87,1
0.20,77,1
0.8,24,1
0.19,20,1
0.8,83,1
0.23,82,1
0,74,1
0.7,98,1
0.23,69,1
0.7,49,1
0.6,38,1
0.15,65,1
0.14,41,1
0.3,38,1
0.8,37,1
0.26,86,1
0.11,58,1
0.22,94,1
0.16,51,1
0.2,69,1
0.15,59,1
0.25,95,1
0.29,28,1
0.26,92,1
0.12,93,1
0.20,69,1
0.1,25,1
0.30,35,1
0.7,48,1
0.9,40,1
0.5,27,1
0.18,90,1
0.13,45,1
0.21,70,1
0.25,21,1
0.24,43,1
0.30,88,1
0.29,82,1
0.26,35,1
0.26,95,1
0.7,23,1
0.24,64,1
0.16,92,1
0.7,86,1
0.15,53,1
0.27,74,1
0.29,19,1
0.16,33,1
0.5,69,1
0.24,17,1
0.12,92,1
0.27,70,1
0.13,19,1
0.12,18,1
0.7,47,1
0.3,16,1
0.2,34,1
0.13,76,1
0.30,75,1
0.9,76,1
0.4,30,1
0.7,88,1
0.4,59,1
0.14,59,1
0.28,97,1
0.27,37,1
0.5,49,1
0.11,53,1
0.25,86,1
0.19,26,1
0.10,23,1
0.14,85,1
0.19,69,1
0.30,81,1
0.25,22,1
0.15,76,1
0.17,58,1
0.1,52,1
0.4,100,1
0.24,32,1
0.18,44,1
0.13,79,1
0.14,31,1
0.30,24,1
0.9,29,1
0.12,98,1
0.20,21,1
0.23,27,1
0.8,34,1
0.20,35,1
0.19,72,1
0.6,62,1
0.29,84,1
0.8,73,1
0.13,84,1
0.2,20,1
0.14,68,1
0.7,94,1
0.7,59,1
0.15,50,1
0.3,39,1
0.23,63,1
0.30,89,1
0.26,20,1
0.4,53,1
0.25,82,1
0.13,89,1
0,73,1
0.13,34,1
0.29,72,1
0.8,72,1
0.28,37,1
0.29,52,1
0.27,35,1
0.19,92,1
0.24,74,1
0.16,28,1
0.22,79,1
0.2,45,1
0.22,32,1
0.20,47,1
0.4,99,1
0.17,99,1
0.14,21,1
0.19,56,1
0.13,85,1
0.10,57,1
0,83,1
0.26,52,1
0.9,79,1
0.17,51,1
0.10,72,1
0.9,44,1
0.4,84,1
0.28,27,1
0.16,37,1
0.18,95,1
0.9,75,1
0.3,85,1
0.21,99,1
0.2,75,1
0.20,44,1
0.14,74,1
0.2,86,1
0.29,71,1
0.28,82,1
0.21,58,1
0.17,49,1
0.3,21,1
0.8,81,1
0.24,62,1
0.20,49,1
0.9,25,1
0.23,71,1
0.16,58,1
0.22,50,1
0,61,1
0.16,70,1
0.11,64,1
0.11,83,1
0.9,62,1
0.18,79,1
0.18,28,1
0.9,70,1
0.16,95,1
0.25,56,1
0.19,39,1
0.4,76,1
0.22,52,1
0.14,98,1
0,85,1
0.25,55,1
0.25,34,1
0.22,89,1
0.24,93,1
0.16,50,1
0.16,76,1
0.9,52,1
0,42,1
0.23,37,1
0.29,33,1
0.14,24,1
0.30,41,1
0.4,31,1
0.18,54,1
0.30,62,1
0.4,62,1
0.9,19,1
0.2,42,1
0.13,35,1
0.13,23,1
0.23,72,1
0.27,95,1
0.4,26,1
0.15,49,1
0.9,26,1
0.18,57,1
0.22,77,1
0.16,79,1
0.15,100,1
0.18,31,1
0.11,25,1
0.11,96,1
0.18,20,1
0.19,89,1
0.10,52,1
0.17,43,1
0.11,31,1
0.3,43,1
0.6,67,1
0.12,88,1
0.20,78,1
0.9,59,1
0.23,66,1
0.2,39,1
0.15,51,1
0.1,38,1
0.10,53,1
0.6,49,1
0.6,39,1
0.17,57,1
0.13,60,1
0.19,82,1
0.10,85,1
0.13,59,1
0,71,1
0.5,17,1
0.26,65,1
0.28,34,1
0.10,48,1
0.18,50,1
0.9,22,1
0.13,56,1
0.29,62,1
0.20,82,1
0.14,19,1
0.24,50,1
0.12,41,1
0.2,47,1
0.1,70,1
0.22,18,1
0.16,32,1
0.24,16,1
0.26,40,1
0.8,64,1
0.30,76,1
0.19,30,1
0.1,76,1
0.9,68,1
0.8,62,1
0.10,42,1
0.29,34,1
0.17,63,1
0.7,95,1
0.30,29,1
0.2,52,1
0.7,64,1
0.20,43,1
0,18,1
0.20,91,1
0.23,100,1
0.21,79,1
0.11,56,1
0.15,71,1
0.2,61,1
0.20,52,1
0.6,20,1
0.23,91,1
0.16,29,1
0.4,98,1
0.19,3,1
0.24,8,1
0.27,9,1
0.6,2,1
0.26,13,1
0.18,7,1
0.3,8,1
0.23,14,1
0.19,9,1
0.18,10,1
0.21,11,1
0.10,12,1
0.23,4,1
0.23,10,1
0.12,13,1
0.17,3,1
0.9,12,1
0.29,10,1
0.10,3,1
0.5,12,1
0.12,14,1
0.27,7,1
0.1,7,1
0.24,15,1
0.22,15,1
0.30,11,1
0.30,5,1
0.30,6,1
0,5,1
0.22,3,1
0.27,2,1
0.4,4,1
0.10,14,1
0.18,12,1
0.27,6,1
0.18,6,1
0.6,1,1
0.27,10,1
0.15,12,1
0.6,14,1
0.19,1,1
0.19,4,1
0.3,4,1
0.30,12,1
0.2,13,1
0.6,8,1
0.7,15,1
0.30,4,1
0.29,15,1
0.25,10,1
0.16,14,1
0.26,3,1
0.30,15,1
0.11,11,1
0.29,9,1
0.18,13,1
0.7,8,1
0.3,3,1
0.16,1,1
0.7,3,1
0.30,13,1
0.16,7,1
0.30,3,1
0.15,5,1
0.13,11,1
0.15,11,1
0.20,13,1
0.20,2,1
0.27,5,1
0.2,4,1
0.28,8,1
0.17,12,1
0.22,4,1
0.25,1,1
0.9,2,1
0.21,10,1
0.16,15,1
0.19,11,1
0.10,1,1
0,10,1
0.25,9,1
0.13,1,1
0.2,3,1
0.24,5,1
0.16,9,1
0.14,11,1
0.19,7,1
0.8,10,1
0.12,3,1
0.22,11,1
0.21,4,1
0.21,8,1
0.21,9,1
0.29,4,1
0.9,11,1
0.23,9,1
0.4,8,1
0.21,12,1
0.9,6,1
0.29,3,1
0.11,10,1
0.24,9,1
0.8,4,1
0.3,15,1
0.16,4,1
0.2,7,1
0.4,2,1
0.6,3,1
0.30,2,1
0.10,8,1
0.8,15,1
0.6,6,1
0.28,2,1
0.20,11,1
0.4,11,1
0.3,10,1
0.18,1,1
0.15,1,1
0.14,3,1
0.20,3,1
0.8,3,1
0.11,9,1
0.2,15,1
0.29,6,1
0.11,1,1
0,7,1
0.21,13,1
0.6,9,1
0.24,2,1
0.9,15,1
0.6,15,1
0.12,12,1
0.12,2,1
0.25,12,1
0.27,14,1
0.29,14,1
0.5,10,1
0.20,9,1
0.15,2,1
0.11,12,1
0,13,1
0.23,15,1
0.6,7,1
0.28,4,1
0.4,6,1
0.15,14,1
0.2,5,1
0.1,14,1
0.24,12,1
0.24,11,1
0.14,14,1
0.28,6,1
0.26,4,1
0.14,4,1
0.1,13,1
0.15,15,1
0.16,12,1
0.27,15,1
0.19,8,1
0.26,12,1
0.24,3,1
0.8,8,1
0.25,5,1
0.27,3,1
0.28,5,1
0.7,2,1
0.16,3,1
0.26,6,1
0.3,1,1
0.5,8,1
0.23,8,1
0.19,12,1
0.1,8,1
0.21,3,1
0.3,6,1
0.21,15,1
0.19,5,1
0.2,1,1
0.17,11,1
0.8,12,1
0.19,2,1
0.25,11,1
0.24,13,1
0.24,10,1
0.18,9,1
0.22,2,1
0.5,13,1
0.28,13,1
0.19,15,1
0.15,10,1
0.14,7,1
0.19,10,1
0.23,13,1
0.26,10,1
0.13,15,1
0.12,7,1
0.15,6,1
0.23,11,1
0.10,5,1
0.12,11,1
0.11,13,1
0.13,3,1
0.13,5,1
0.30,14,1
0.25,3,1
0.20,7,1
0.25,14,1
0.10,6,1
0.25,2,1
0.15,8,1
0.22,8,1
0.27,1,1
0,15,1
0.8,7,1
0.17,10,1
0.1,11,1
0.13,8,1
0.8,11,1
0.22,13,1
0.16,5,1
0.9,14,1
0.1,1,1
0.28,15,1
0.11,7,1
0.5,1,1
0.7,4,1
0,3,1
0.16,2,1
0.17,14,1
0.5,5,1
0.21,7,1
0.8,1,1
0.13,2,1
0.11,2,1
0.28,14,1
0.14,15,1
0.19,14,1
0.21,1,1
0.26,5,1
0.2,6,1
0.3,14,1
0.13,14,1
0.2,14,1
0.10,4,1
0.7,1,1
0.10,9,1
0.23,2,1
0.3,9,1
0.1,9,1
0.7,9,1
0.21,2,1
0.4,1,1
0.17,4,1
0.28,1,1
0.7,13,1
0.20,4,1
0.9,10,1
0.17,1,1
0.26,11,1
0.20,5,1
0.10,10,1
0.9,9,1
0.27,4,1
0.28,10,1
0.12,9,1
0.4,5,1
0.25,15,1
0.28,3,1
0.25,7,1
0.14,2,1
0.27,8,1
0.13,13,1
0.22,1,1
0.9,4,1
0.9,1,1
0.13,4,1
0.22,14,1
0,6,1
0.20,14,1
0.12,4,1
0.10,7,1
0.14,8,1
0.20,6,1
0.11,6,1
0.5,3,1
0.18,5,1
0.15,7,1
0.27,11,1
0.9,13,1
0.18,15,1
0.4,9,1
0.1,10,1
0.16,13,1
0.16,11,1
0.11,5,1
0.21,5,1
0.26,14,1
0.6,13,1
0,11,1
0.14,9,1
0.17,5,1
0.29,13,1
0.3,2,1
0.2,9,1
0.30,9,1
0.11,3,1
0.23,12,1
0.9,7,1
0.7,10,1
0.30,8,1
0.18,2,1
0.17,7,1
0.20,1,1
0.12,10,1
0.28,12,1
0.13,6,1
0.14,5,1
0.24,14,1
0,4,1
0.6,11,1
0.3,12,1
0.12,6,1
0.5,6,1
0.28,7,1
0.19,6,1
0.5,15,1
0.8,6,1
0.19,13,1
0.23,3,1
0.5,7,1
0.1,15,1
0.6,4,1
0.1,2,1
0.18,11,1
0.8,13,1
0.12,15,1
0.22,5,1
0.26,8,1
0.1,6,1
0.26,7,1
0.5,11,1
0.4,13,1
0.11,15,1
0.18,4,1
0.20,15,1
0.23,6,1
0.22,7,1
0.21,14,1
0.25,8,1
0.22,9,1
0.29,11,1
0.27,13,1
0.7,5,1
0.11,8,1
0.14,10,1
0.18,14,1
0.27,12,1
0.6,10,1
0.2,12,1
0.10,15,1
0.10,11,1
0.12,8,1
0.24,6,1
0.24,1,1
0.8,2,1
0.15,9,1
0.7,14,1
0.17,9,1
0.15,13,1
0.2,2,1
0.22,6,1
0.18,3,1
0.28,9,1
0.2,10,1
0.5,9,1
0,8,1
0.6,5,1
0.25,4,1
0.3,5,1
0.14,12,1
0.17,8,1
0.7,6,1
0.4,12,1
0.26,1,1
0.9,3,1
0.10,13,1
0.10,2,1
0.4,10,1
0.1,3,1
0.26,9,1
0.20,8,1
0.8,14,1
0.1,5,1
0.17,2,1
0.17,15,1
0.13,7,1
0,1,1
0.29,7,1
0.13,10,1
0.24,7,1
0.2,11,1
0.23,5,1
0.29,1,1
0.28,11,1
0.4,3,1
0.29,5,1
0.9,5,1
0.18,8,1
0.4,14,1
0.24,4,1
0.14,13,1
0.30,1,1
0.12,1,1
0.1,12,1
0.3,11,1
0.23,1,1
0.12,5,1
0.17,13,1
0.29,2,1
0.2,8,1
0.4,7,1
0.16,8,1
0,9,1
0.30,7,1
0.7,11,1
0.20,10,1
0.5,14,1
0.29,12,1
0.11,14,1
0.29,8,1
0.8,9,1
0.25,6,1
0.15,3,1
0.5,2,1
0.13,9,1
0.16,10,1
0.1,4,1
0.7,7,1
0.8,5,1
0,12,1
0.4,15,1
0.9,8,1
0.21,6,1
0.7,12,1
0.3,7,1
0.30,10,1
0.26,2,1
0.15,4,1
0.3,13,1
0.16,6,1
0.22,12,1
0.14,1,1
0.26,15,1
0.23,7,1
0.13,12,1
0,2,1
0.14,6,1
0.17,6,1
0,14,1
0.25,13,1
0.5,4,1
0.11,4,1
0.6,12,1
0.20,12,1
0.22,10,1
0.1,28,1
0.1,33,1
0.1,36,1
0.1,64,1
0.1,99,1
0.10,21,1
0.10,40,1
0.10,47,1
0.10,70,1
0.10,81,1
0.11,18,1
0.11,57,1
0.11,59,1
0.11,68,1
0.11,81,1
0.11,85,1
0.11,99,1
0.12,20,1
0.12,26,1
0.12,42,1
0.12,43,1
0.12,45,1
0.12,47,1
0.12,50,1
0.12,56,1
0.12,58,1
0.12,64,1
0.12,66,1
0.12,67,1
0.12,79,1
0.12,81,1
0.13,16,1
0.13,26,1
0.13,27,1
0.13,51,1
0.13,58,1
0.13,65,1
0.13,80,1
0.14,23,1
0.14,44,1
0.14,52,1
0.14,55,1
0.14,71,1
0.14,78,1
0.14,83,1
0.15,18,1
0.15,25,1
0.15,26,1
0.15,30,1
0.15,52,1
0.15,82,1
0.15,86,1
0.15,91,1
0.15,98,1
0.15,99,1
0.16,22,1
0.16,24,1
0.16,57,1
0.16,61,1
0.16,80,1
0.16,93,1
0.17,28,1
0.17,35,1
0.17,42,1
0.17,50,1
0.17,67,1
0.17,81,1
0.17,85,1
0.17,95,1
0.17,98,1
0.18,24,1
0.18,26,1
0.18,32,1
0.18,33,1
0.18,34,1
0.18,55,1
0.18,58,1
0.18,59,1
0.18,98,1
0.19,16,1
0.19,28,1
0.19,32,1
0.19,33,1
0.19,49,1
0.19,71,1
0.19,81,1
0.19,87,1
0.2,27,1
0.2,28,1
0.2,46,1
0.2,71,1
0.2,85,1
0.2,92,1
0.20,27,1
0.20,30,1
0.20,33,1
0.20,39,1
0.20,61,1
0.20,68,1
0.20,70,1
0.21,22,1
0.21,26,1
0.21,27,1
0.21,37,1
0.21,42,1
0.21,62,1
0.21,69,1
0.21,88,1
0.21,96,1
0.21,97,1
0.21,98,1
0.22,19,1
0.22,26,1
0.22,37,1
0.22,41,1
0.22,47,1
0.22,59,1
0.22,61,1
0.22,67,1
0.22,69,1
0.22,71,1
0.22,72,1
0.22,75,1
0.22,99,1
0.23,19,1
0.23,28,1
0.23,38,1
0.23,48,1
0.23,65,1
0.23,76,1
0.23,81,1
0.23,89,1
0.23,98,1
0.24,30,1
0.24,73,1
0.24,85,1
0.25,23,1
0.25,30,1
0.25,37,1
0.25,42,1
0.25,52,1
0.25,58,1
0.25,79,1
0.25,87,1
0.26,16,1
0.26,30,1
0.26,31,1
0.26,33,1
0.26,43,1
0.26,67,1
0.26,69,1
0.26,73,1
0.26,84,1
0.26,97,1
0.27,100,1
0.27,19,1
0.27,20,1
0.27,49,1
0.27,55,1
0.27,69,1
0.27,99,1
0.28,23,1
0.28,29,1
0.28,36,1
0.28,40,1
0.28,71,1
0.29,18,1
0.29,29,1
0.29,60,1
0.29,92,1
0.29,93,1
0.3,20,1
0.3,35,1
0.3,61,1
0.3,66,1
0.3,70,1
0.3,92,1
0.3,96,1
0.3,99,1
0.30,44,1
0.30,61,1
0.30,77,1
0.31,100,0
0.31,20,0
0.31,22,0
0.31,23,0
0.31,24,0
0.31,25,0
0.31,27,0
0.31,28,0
0.31,29,0
0.31,31,0
0.31,35,0
0.31,36,0
0.31,37,0
0.31,38,0
0.31,39,0
0.31,40,0
0.31,41,0
0.31,49,0
0.31,52,0
0.31,53,0
0.31,54,0
0.31,55,0
0.31,56,0
0.31,58,0
0.31,60,0
0.31,61,0
0.31,63,0
0.31,65,0
0.31,66,0
0.31,68,0
0.31,69,0
0.31,70,0
0.31,72,0
0.31,73,0
0.31,74,0
0.31,77,0
0.31,78,0
0.31,82,0
0.31,83,0
0.31,84,0
0.31,85,0
0.31,87,0
0.31,89,0
0.31,90,0
0.31,91,0
0.31,92,0
0.31,94,0
0.31,96,0
0.31,97,0
0.31,99,0
0.32,100,0
0.32,16,0
0.32,17,0
0.32,18,0
0.32,19,0
0.32,20,0
0.32,21,0
0.32,23,0
0.32,24,0
0.32,25,0
0.32,27,0
0.32,28,0
0.32,29,0
0.32,34,0
0.32,37,0
0.32,38,0
0.32,40,0
0.32,41,0
0.32,42,0
0.32,45,0
0.32,46,0
0.32,47,0
0.32,49,0
0.32,51,0
0.32,56,0
0.32,62,0
0.32,65,0
0.32,66,0
0.32,69,0
0.32,70,0
0.32,74,0
0.32,76,0
0.32,77,0
0.32,80,0
0.32,83,0
0.32,84,0
0.32,85,0
0.32,86,0
0.32,87,0
0.32,88,0
0.32,90,0
0.32,91,0
0.32,93,0
0.32,94,0
0.32,95,0
0.32,96,0
0.32,97,0
0.32,98,0
0.32,99,0
0.33,17,0
0.33,19,0
0.33,20,0
0.33,21,0
0.33,22,0
0.33,23,0
0.33,25,0
0.33,26,0
0.33,27,0
0.33,28,0
0.33,34,0
0.33,35,0
0.33,36,0
0.33,38,0
0.33,39,0
0.33,40,0
0.33,41,0
0.33,42,0
0.33,43,0
0.33,45,0
0.33,46,0
0.33,48,0
0.33,50,0
0.33,51,0
0.33,52,0
0.33,53,0
0.33,55,0
0.33,56,0
0.33,58,0
0.33,61,0
0.33,62,0
0.33,63,0
0.33,64,0
0.33,65,0
0.33,66,0
0.33,67,0
0.33,70,0
0.33,72,0
0.33,73,0
0.33,75,0
0.33,77,0
0.33,79,0
0.33,80,0
0.33,81,0
0.33,82,0
0.33,86,0
0.33,87,0
0.33,88,0
0.33,89,0
0.33,92,0
0.33,94,0
0.33,96,0
0.33,97,0
0.33,99,0
0.34,100,0
0.34,16,0
0.34,17,0
0.34,20,0
0.34,22,0
0.34,23,0
0.34,25,0
0.34,26,0
0.34,27,0
0.34,31,0
0.34,33,0
0.34,34,0
0.34,35,0
0.34,36,0
0.34,38,0
0.34,40,0
0.34,41,0
0.34,46,0
0.34,49,0
0.34,50,0
0.34,51,0
0.34,52,0
0.34,53,0
0.34,54,0
0.34,55,0
0.34,57,0
0.34,58,0
0.34,59,0
0.34,61,0
0.34,64,0
0.34,66,0
0.34,67,0
0.34,73,0
0.34,75,0
0.34,78,0
0.34,80,0
0.34,82,0
0.34,83,0
0.34,84,0
0.34,85,0
0.34,87,0
0.34,88,0
0.34,89,0
0.34,90,0
0.34,92,0
0.34,93,0
0.34,94,0
0.34,96,0
0.34,99,0
0.35,17,0
0.35,21,0
0.35,22,0
0.35,23,0
0.35,24,0
0.35,27,0
0.35,28,0
0.35,30,0
0.35,31,0
0.35,32,0
0.35,33,0
0.35,34,0
0.35,35,0
0.35,37,0
0.35,38,0
0.35,39,0
0.35,40,0
0.35,41,0
0.35,42,0
0.35,47,0
0.35,48,0
0.35,49,0
0.35,50,0
0.35,51,0
0.35,52,0
0.35,53,0
0.35,54,0
0.35,56,0
0.35,57,0
0.35,59,0
0.35,60,0
0.35,61,0
0.35,63,0
0.35,64,0
0.35,65,0
0.35,66,0
0.35,67,0
0.35,76,0
0.35,77,0
0.35,78,0
0.35,80,0
0.35,81,0
0.35,82,0
0.35,83,0
0.35,84,0
0.35,87,0
0.35,88,0
0.35,89,0
0.35,90,0
0.35,93,0
0.35,94,0
0.35,95,0
0.35,96,0
0.35,97,0
0.35,99,0
0.36,100,0
0.36,16,0
0.36,17,0
0.36,18,0
0.36,19,0
0.36,21,0
0.36,22,0
0.36,23,0
0.36,24,0
0.36,25,0
0.36,26,0
0.36,27,0
0.36,28,0
0.36,29,0
0.36,31,0
0.36,32,0
0.36,34,0
0.36,35,0
0.36,36,0
0.36,37,0
0.36,38,0
0.36,39,0
0.36,40,0
0.36,41,0
0.36,43,0
0.36,44,0
0.36,45,0
0.36,47,0
0.36,48,0
0.36,49,0
0.36,51,0
0.36,52,0
0.36,56,0
0.36,58,0
0.36,59,0
0.36,61,0
0.36,63,0
0.36,66,0
0.36,67,0
0.36,68,0
0.36,70,0
0.36,71,0
0.36,72,0
0.36,74,0
0.36,75,0
0.36,76,0
0.36,77,0
0.36,78,0
0.36,79,0
0.36,80,0
0.36,81,0
0.36,82,0
0.36,83,0
0.36,84,0
0.36,87,0
0.36,88,0
0.36,89,0
0.36,90,0
0.36,96,0
0.36,97,0
0.36,98,0
0.36,99,0
0.37,100,0
0.37,16,0
0.37,18,0
0.37,19,0
0.37,20,0
0.37,21,0
0.37,24,0
0.37,26,0
0.37,27,0
0.37,28,0
0.37,29,0
0.37,30,0
0.37,33,0
0.37,34,0
0.37,35,0
0.37,36,0
0.37,38,0
0.37,39,0
0.37,40,0
0.37,42,0
0.37,43,0
0.37,44,0
0.37,45,0
0.37,47,0
0.37,49,0
0.37,51,0
0.37,52,0
0.37,54,0
0.37,58,0
0.37,61,0
0.37,62,0
0.37,64,0
0.37,66,0
0.37,67,0
0.37,68,0
0.37,71,0
0.37,72,0
0.37,73,0
0.37,75,0
0.37,78,0
0.37,81,0
0.37,82,0
0.37,85,0
0.37,86,0
0.37,87,0
0.37,91,0
0.37,94,0
0.37,96,0
0.37,97,0
0.37,98,0
0.38,20,0
0.38,21,0
0.38,24,0
0.38,25,0
0.38,26,0
0.38,27,0
0.38,28,0
0.38,30,0
0.38,32,0
0.38,33,0
0.38,36,0
0.38,38,0
0.38,40,0
0.38,41,0
0.38,42,0
0.38,44,0
0.38,45,0
0.38,46,0
0.38,47,0
0.38,48,0
0.38,49,0
0.38,52,0
0.38,53,0
0.38,54,0
0.38,56,0
0.38,57,0
0.38,58,0
0.38,60,0
0.38,61,0
0.38,62,0
0.38,63,0
0.38,65,0
0.38,67,0
0.38,68,0
0.38,70,0
0.38,71,0
0.38,73,0
0.38,74,0
0.38,75,0
0.38,76,0
0.38,77,0
0.38,79,0
0.38,83,0
0.38,85,0
0.38,86,0
0.38,87,0
0.38,88,0
0.38,91,0
0.38,92,0
0.38,93,0
0.38,95,0
0.38,97,0
0.38,98,0
0.38,99,0
0.39,100,0
0.39,16,0
0.39,18,0
0.39,23,0
0.39,27,0
0.39,28,0
0.39,30,0
0.39,31,0
0.39,33,0
0.39,34,0
0.39,36,0
0.39,39,0
0.39,45,0
0.39,47,0
0.39,49,0
0.39,50,0
0.39,52,0
0.39,53,0
0.39,57,0
0.39,61,0
0.39,62,0
0.39,66,0
0.39,69,0
0.39,70,0
0.39,74,0
0.39,75,0
0.39,77,0
0.39,81,0
0.39,83,0
0.39,85,0
0.39,86,0
0.39,88,0
0.39,90,0
0.39,92,0
0.39,93,0
0.39,94,0
0.39,95,0
0.39,97,0
0.39,98,0
0.39,99,0
0.4,25,1
0.4,27,1
0.4,49,1
0.4,96,1
0.40,100,0
0.40,16,0
0.40,17,0
0.40,19,0
0.40,20,0
0.40,23,0
0.40,24,0
0.40,26,0
0.40,27,0
0.40,28,0
0.40,29,0
0.40,31,0
0.40,32,0
0.40,33,0
0.40,34,0
0.40,35,0
0.40,36,0
0.40,38,0
0.40,39,0
0.40,41,0
0.40,42,0
0.40,44,0
0.40,45,0
0.40,47,0
0.40,48,0
0.40,49,0
0.40,52,0
0.40,53,0
0.40,54,0
0.40,56,0
0.40,57,0
0.40,58,0
0.40,61,0
0.40,63,0
0.40,64,0
0.40,65,0
0.40,67,0
0.40,68,0
0.40,70,0
0.40,73,0
0.40,76,0
0.40,77,0
0.40,78,0
0.40,79,0
0.40,85,0
0.40,86,0
0.40,87,0
0.40,88,0
0.40,89,0
0.40,90,0
0.40,91,0
0.40,92,0
0.40,94,0
0.40,96,0
0.40,97,0
0.40,98,0
0.41,100,0
0.41,17,0
0.41,18,0
0.41,21,0
0.41,22,0
0.41,23,0
0.41,24,0
0.41,25,0
0.41,27,0
0.41,28,0
0.41,30,0
0.41,31,0
0.41,35,0
0.41,36,0
0.41,37,0
0.41,38,0
0.41,39,0
0.41,41,0
0.41,46,0
0.41,47,0
0.41,48,0
0.41,49,0
0.41,52,0
0.41,53,0
0.41,54,0
0.41,55,0
0.41,56,0
0.41,57,0
0.41,58,0
0.41,60,0
0.41,61,0
0.41,62,0
0.41,63,0
0.41,65,0
0.41,66,0
0.41,67,0
0.41,68,0
0.41,69,0
0.41,71,0
0.41,72,0
0.41,75,0
0.41,77,0
0.41,80,0
0.41,82,0
0.41,83,0
0.41,85,0
0.41,87,0
0.41,88,0
0.41,90,0
0.41,91,0
0.41,96,0
0.41,99,0
0.42,100,0
0.42,16,0
0.42,17,0
0.42,19,0
0.42,20,0
0.42,22,0
0.42,23,0
0.42,24,0
0.42,26,0
0.42,28,0
0.42,29,0
0.42,31,0
0.42,34,0
0.42,37,0
0.42,39,0
0.42,40,0
0.42,41,0
0.42,42,0
0.42,44,0
0.42,47,0
0.42,48,0
0.42,49,0
0.42,52,0
0.42,53,0
0.42,54,0
0.42,55,0
0.42,57,0
0.42,58,0
0.42,59,0
0.42,62,0
0.42,63,0
0.42,64,0
0.42,65,0
0.42,66,0
0.42,67,0
0.42,68,0
0.42,69,0
0.42,70,0
0.42,72,0
0.42,75,0
0.42,76,0
0.42,77,0
0.42,78,0
0.42,80,0
0.42,82,0
0.42,84,0
0.42,85,0
0.42,87,0
0.42,90,0
0.42,92,0
0.42,93,0
0.42,96,0
0.42,97,0
0.42,98,0
0.43,16,0
0.43,17,0
0.43,18,0
0.43,19,0
0.43,27,0
0.43,28,0
0.43,29,0
0.43,30,0
0.43,34,0
0.43,36,0
0.43,37,0
0.43,39,0
0.43,40,0
0.43,41,0
0.43,42,0
0.43,44,0
0.43,45,0
0.43,46,0
0.43,47,0
0.43,48,0
0.43,49,0
0.43,50,0
0.43,51,0
0.43,53,0
0.43,55,0
0.43,57,0
0.43,60,0
0.43,62,0
0.43,63,0
0.43,65,0
0.43,67,0
0.43,68,0
0.43,69,0
0.43,71,0
0.43,72,0
0.43,73,0
0.43,75,0
0.43,76,0
0.43,77,0
0.43,78,0
0.43,80,0
0.43,82,0
0.43,84,0
0.43,85,0
0.43,87,0
0.43,88,0
0.43,89,0
0.43,90,0
0.43,92,0
0.43,93,0
0.43,95,0
0.43,96,0
0.43,98,0
0.43,99,0
0.44,100,0
0.44,16,0
0.44,17,0
0.44,18,0
0.44,21,0
0.44,22,0
0.44,24,0
0.44,25,0
0.44,27,0
0.44,30,0
0.44,31,0
0.44,33,0
0.44,34,0
0.44,36,0
0.44,37,0
0.44,44,0
0.44,45,0
0.44,47,0
0.44,48,0
0.44,49,0
0.44,56,0
0.44,58,0
0.44,59,0
0.44,60,0
0.44,61,0
0.44,64,0
0.44,65,0
0.44,68,0
0.44,69,0
0.44,70,0
0.44,71,0
0.44,72,0
0.44,73,0
0.44,74,0
0.44,75,0
0.44,77,0
0.44,79,0
0.44,80,0
0.44,81,0
0.44,82,0
0.44,83,0
0.44,85,0
0.44,86,0
0.44,87,0
0.44,88,0
0.44,90,0
0.44,91,0
0.44,93,0
0.44,97,0
0.44,99,0
0.45,100,0
0.45,16,0
0.45,17,0
0.45,19,0
0.45,20,0
0.45,21,0
0.45,22,0
0.45,23,0
0.45,25,0
0.45,26,0
0.45,27,0
0.45,28,0
0.45,29,0
0.45,30,0
0.45,34,0
0.45,36,0
0.45,38,0
0.45,39,0
0.45,40,0
0.45,44,0
0.45,45,0
0.45,46,0
0.45,47,0
0.45,48,0
0.45,49,0
0.45,50,0
0.45,52,0
0.45,53,0
0.45,55,0
0.45,58,0
0.45,61,0
0.45,62,0
0.45,64,0
0.45,67,0
0.45,68,0
0.45,69,0
0.45,70,0
0.45,71,0
0.45,72,0
0.45,73,0
0.45,74,0
0.45,75,0
0.45,76,0
0.45,77,0
0.45,78,0
0.45,79,0
0.45,80,0
0.45,81,0
0.45,83,0
0.45,84,0
0.45,88,0
0.45,90,0
0.45,92,0
0.45,96,0
0.45,97,0
0.45,98,0
0.46,18,0
0.46,22,0
0.46,23,0
0.46,24,0
0.46,25,0
0.46,27,0
0.46,28,0
0.46,29,0
0.46,30,0
0.46,31,0
0.46,34,0
0.46,36,0
0.46,37,0
0.46,39,0
0.46,40,0
0.46,41,0
0.46,44,0
0.46,45,0
0.46,46,0
0.46,48,0
0.46,49,0
0.46,50,0
0.46,51,0
0.46,53,0
0.46,54,0
0.46,55,0
0.46,56,0
0.46,57,0
0.46,58,0
0.46,59,0
0.46,60,0
0.46,61,0
0.46,62,0
0.46,64,0
0.46,65,0
0.46,66,0
0.46,67,0
0.46,68,0
0.46,69,0
0.46,70,0
0.46,71,0
0.46,72,0
0.46,73,0
0.46,74,0
0.46,77,0
0.46,78,0
0.46,79,0
0.46,80,0
0.46,82,0
0.46,83,0
0.46,85,0
0.46,86,0
0.46,87,0
0.46,90,0
0.46,91,0
0.46,92,0
0.46,94,0
0.46,95,0
0.46,98,0
0.46,99,0
0.47,18,0
0.47,21,0
0.47,22,0
0.47,23,0
0.47,24,0
0.47,25,0
0.47,26,0
0.47,28,0
0.47,29,0
0.47,30,0
0.47,32,0
0.47,33,0
0.47,34,0
0.47,35,0
0.47,37,0
0.47,41,0
0.47,42,0
0.47,43,0
0.47,44,0
0.47,45,0
0.47,46,0
0.47,49,0
0.47,50,0
0.47,51,0
0.47,52,0
0.47,53,0
0.47,55,0
0.47,57,0
0.47,60,0
0.47,61,0
0.47,62,0
0.47,63,0
0.47,65,0
0.47,66,0
0.47,69,0
0.47,70,0
0.47,72,0
0.47,74,0
0.47,75,0
0.47,78,0
0.47,80,0
0.47,84,0
0.47,85,0
0.47,86,0
0.47,87,0
0.47,91,0
0.47,92,0
0.47,93,0
0.47,96,0
0.47,98,0
0.48,16,0
0.48,17,0
0.48,18,0
0.48,19,0
0.48,20,0
0.48,21,0
0.48,24,0
0.48,25,0
0.48,27,0
0.48,28,0
0.48,29,0
0.48,31,0
0.48,34,0
0.48,36,0
0.48,37,0
0.48,38,0
0.48,39,0
0.48,40,0
0.48,41,0
0.48,43,0
0.48,44,0
0.48,46,0
0.48,47,0
0.48,49,0
0.48,50,0
0.48,53,0
0.48,54,0
0.48,55,0
0.48,56,0
0.48,57,0
0.48,61,0
0.48,62,0
0.48,63,0
0.48,64,0
0.48,65,0
0.48,66,0
0.48,67,0
0.48,68,0
0.48,69,0
0.48,71,0
0.48,72,0
0.48,73,0
0.48,76,0
0.48,77,0
0.48,79,0
0.48,80,0
0.48,84,0
0.48,86,0
0.48,87,0
0.48,89,0
0.48,90,0
0.48,91,0
0.48,92,0
0.48,94,0
0.48,96,0
0.48,97,0
0.48,98,0
0.48,99,0
0.49,100,0
0.49,16,0
0.49,17,0
0.49,18,0
0.49,20,0
0.49,21,0
0.49,23,0
0.49,25,0
0.49,26,0
0.49,27,0
0.49,28,0
0.49,30,0
0.49,31,0
0.49,33,0
0.49,34,0
0.49,35,0
0.49,36,0
0.49,37,0
0.49,38,0
0.49,42,0
0.49,44,0
0.49,45,0
0.49,47,0
0.49,48,0
0.49,52,0
0.49,53,0
0.49,55,0
0.49,57,0
0.49,58,0
0.49,59,0
0.49,63,0
0.49,68,0
0.49,69,0
0.49,70,0
0.49,71,0
0.49,72,0
0.49,73,0
0.49,74,0
0.49,75,0
0.49,76,0
0.49,77,0
0.49,79,0
0.49,80,0
0.49,81,0
0.49,82,0
0.49,83,0
0.49,86,0
0.49,88,0
0.49,89,0
0.49,92,0
0.49,93,0
0.49,95,0
0.49,96,0
0.49,97,0
0.49,99,0
0.5,25,1
0.5,26,1
0.5,36,1
0.5,52,1
0.5,59,1
0.5,60,1
0.5,81,1
0.50,100,0
0.50,16,0
0.50,17,0
0.50,18,0
0.50,19,0
0.50,21,0
0.50,22,0
0.50,23,0
0.50,24,0
0.50,25,0
0.50,26,0
0.50,29,0
0.50,30,0
0.50,33,0
0.50,34,0
0.50,37,0
0.50,39,0
0.50,41,0
0.50,43,0
0.50,48,0
0.50,49,0
0.50,50,0
0.50,52,0
0.50,53,0
0.50,55,0
0.50,56,0
0.50,57,0
0.50,58,0
0.50,59,0
0.50,60,0
0.50,61,0
0.50,62,0
0.50,63,0
0.50,64,0
0.50,65,0
0.50,66,0
0.50,68,0
0.50,69,0
0.50,71,0
0.50,73,0
0.50,74,0
0.50,77,0
0.50,79,0
0.50,80,0
0.50,81,0
0.50,82,0
0.50,84,0
0.50,85,0
0.50,89,0
0.50,92,0
0.50,93,0
0.50,94,0
0.50,96,0
0.50,97,0
0.50,99,0
0.51,100,0
0.51,16,0
0.51,17,0
0.51,18,0
0.51,20,0
0.51,23,0
0.51,25,0
0.51,26,0
0.51,27,0
0.51,28,0
0.51,29,0
0.51,32,0
0.51,33,0
0.51,35,0
0.51,37,0
0.51,38,0
0.51,39,0
0.51,41,0
0.51,42,0
0.51,43,0
0.51,45,0
0.51,46,0
0.51,47,0
0.51,49,0
0.51,50,0
0.51,52,0
0.51,55,0
0.51,58,0
0.51,59,0
0.51,60,0
0.51,62,0
0.51,64,0
0.51,66,0
0.51,68,0
0.51,69,0
0.51,70,0
0.51,71,0
0.51,72,0
0.51,73,0
0.51,74,0
0.51,75,0
0.51,76,0
0.51,79,0
0.51,83,0
0.51,84,0
0.51,86,0
0.51,87,0
0.51,89,0
0.51,94,0
0.51,95,0
0.51,97,0
0.51,98,0
0.52,100,0
0.52,16,0
0.52,17,0
0.52,18,0
0.52,19,0
0.52,20,0
0.52,22,0
0.52,23,0
0.52,24,0
0.52,25,0
0.52,28,0
0.52,29,0
0.52,31,0
0.52,32,0
0.52,33,0
0.52,34,0
0.52,36,0
0.52,38,0
0.52,39,0
0.52,42,0
0.52,43,0
0.52,45,0
0.52,46,0
0.52,50,0
0.52,51,0
0.52,52,0
0.52,54,0
0.52,56,0
0.52,58,0
0.52,59,0
0.52,60,0
0.52,63,0
0.52,64,0
0.52,65,0
0.52,66,0
0.52,67,0
0.52,69,0
0.52,70,0
0.52,71,0
0.52,72,0
0.52,73,0
0.52,75,0
0.52,76,0
0.52,79,0
0.52,82,0
0.52,83,0
0.52,84,0
0.52,85,0
0.52,86,0
0.52,87,0
0.52,88,0
0.52,90,0
0.52,91,0
0.52,92,0
0.52,93,0
0.52,94,0
0.52,97,0
0.52,98,0
0.53,100,0
0.53,17,0
0.53,18,0
0.53,21,0
0.53,22,0
0.53,23,0
0.53,24,0
0.53,25,0
0.53,26,0
0.53,27,0
0.53,29,0
0.53,30,0
0.53,31,0
0.53,32,0
0.53,35,0
0.53,39,0
0.53,40,0
0.53,41,0
0.53,46,0
0.53,47,0
0.53,48,0
0.53,49,0
0.53,50,0
0.53,51,0
0.53,53,0
0.53,54,0
0.53,55,0
0.53,57,0
0.53,58,0
0.53,59,0
0.53,60,0
0.53,62,0
0.53,63,0
0.53,65,0
0.53,70,0
0.53,71,0
0.53,76,0
0.53,77,0
0.53,80,0
0.53,81,0
0.53,82,0
0.53,84,0
0.53,85,0
0.53,86,0
0.53,88,0
0.53,90,0
0.53,94,0
0.53,96,0
0.53,97,0
0.53,98,0
0.53,99,0
0.54,100,0
0.54,17,0
0.54,19,0
0.54,20,0
0.54,21,0
0.54,22,0
0.54,23,0
0.54,28,0
0.54,29,0
0.54,30,0
0.54,31,0
0.54,32,0
0.54,33,0
0.54,34,0
0.54,36,0
0.54,37,0
0.54,38,0
0.54,40,0
0.54,41,0
0.54,43,0
0.54,44,0
0.54,46,0
0.54,49,0
0.54,51,0
0.54,55,0
0.54,56,0
0.54,60,0
0.54,62,0
0.54,63,0
0.54,66,0
0.54,67,0
0.54,68,0
0.54,69,0
0.54,70,0
0.54,72,0
0.54,73,0
0.54,74,0
0.54,75,0
0.54,76,0
0.54,77,0
0.54,78,0
0.54,79,0
0.54,80,0
0.54,81,0
0.54,82,0
0.54,83,0
0.54,86,0
0.54,87,0
0.54,90,0
0.54,91,0
0.54,94,0
0.54,95,0
0.54,96,0
0.54,97,0
0.54,98,0
0.55,16,0
0.55,17,0
0.55,20,0
0.55,21,0
0.55,22,0
0.55,23,0
0.55,24,0
0.55,25,0
0.55,27,0
0.55,31,0
0.55,33,0
0.55,36,0
0.55,38,0
0.55,39,0
0.55,40,0
0.55,41,0
0.55,45,0
0.55,46,0
0.55,47,0
0.55,48,0
0.55,49,0
0.55,50,0
0.55,51,0
0.55,52,0
0.55,53,0
0.55,55,0
0.55,56,0
0.55,57,0
0.55,58,0
0.55,62,0
0.55,63,0
0.55,64,0
0.55,66,0
0.55,67,0
0.55,69,0
0.55,70,0
0.55,72,0
0.55,75,0
0.55,76,0
0.55,77,0
0.55,80,0
0.55,83,0
0.55,84,0
0.55,87,0
0.55,88,0
0.55,89,0
0.55,91,0
0.55,94,0
0.55,96,0
0.55,97,0
0.55,99,0
0.56,100,0
0.56,16,0
0.56,19,0
0.56,22,0
0.56,23,0
0.56,25,0
0.56,26,0
0.56,27,0
0.56,30,0
0.56,32,0
0.56,33,0
0.56,34,0
0.56,35,0
0.56,37,0
0.56,38,0
0.56,39,0
0.56,40,0
0.56,41,0
0.56,42,0
0.56,44,0
0.56,47,0
0.56,48,0
0.56,50,0
0.56,53,0
0.56,55,0
0.56,58,0
0.56,59,0
0.56,66,0
0.56,67,0
0.56,69,0
0.56,71,0
0.56,73,0
0.56,74,0
0.56,76,0
0.56,77,0
0.56,79,0
0.56,81,0
0.56,83,0
0.56,84,0
0.56,85,0
0.56,86,0
0.56,87,0
0.56,88,0
0.56,90,0
0.56,91,0
0.56,92,0
0.56,95,0
0.56,96,0
0.56,98,0
0.56,99,0
0.57,100,0
0.57,17,0
0.57,18,0
0.57,19,0
0.57,21,0
0.57,22,0
0.57,24,0
0.57,25,0
0.57,26,0
0.57,27,0
0.57,30,0
0.57,31,0
0.57,32,0
0.57,35,0
0.57,36,0
0.57,37,0
0.57,38,0
0.57,39,0
0.57,41,0
0.57,43,0
0.57,44,0
0.57,45,0
0.57,46,0
0.57,48,0
0.57,50,0
0.57,51,0
0.57,52,0
0.57,55,0
0.57,57,0
0.57,58,0
0.57,60,0
0.57,63,0
0.57,67,0
0.57,69,0
0.57,71,0
0.57,72,0
0.57,75,0
0.57,77,0
0.57,79,0
0.57,81,0
0.57,84,0
0.57,85,0
0.57,87,0
0.57,90,0
0.57,91,0
0.57,92,0
0.57,94,0
0.57,99,0
0.58,100,0
0.58,16,0
0.58,19,0
0.58,20,0
0.58,21,0
0.58,22,0
0.58,24,0
0.58,26,0
0.58,27,0
0.58,29,0
0.58,30,0
0.58,32,0
0.58,33,0
0.58,35,0
0.58,37,0
0.58,39,0
0.58,40,0
0.58,41,0
0.58,42,0
0.58,43,0
0.58,44,0
0.58,45,0
0.58,48,0
0.58,50,0
0.58,52,0
0.58,53,0
0.58,54,0
0.58,56,0
0.58,57,0
0.58,58,0
0.58,59,0
0.58,61,0
0.58,65,0
0.58,66,0
0.58,67,0
0.58,70,0
0.58,74,0
0.58,75,0
0.58,76,0
0.58,77,0
0.58,80,0
0.58,83,0
0.58,84,0
0.58,86,0
0.58,88,0
0.58,89,0
0.58,90,0
0.58,94,0
0.58,95,0
0.58,96,0
0.58,97,0
0.58,98,0
0.58,99,0
0.59,100,0
0.59,17,0
0.59,18,0
0.59,21,0
0.59,22,0
0.59,23,0
0.59,25,0
0.59,28,0
0.59,30,0
0.59,31,0
0.59,32,0
0.59,34,0
0.59,35,0
0.59,41,0
0.59,42,0
0.59,43,0
0.59,44,0
0.59,45,0
0.59,48,0
0.59,49,0
0.59,51,0
0.59,52,0
0.59,55,0
0.59,56,0
0.59,57,0
0.59,58,0
0.59,59,0
0.59,61,0
0.59,62,0
0.59,64,0
0.59,65,0
0.59,66,0
0.59,68,0
0.59,69,0
0.59,71,0
0.59,73,0
0.59,74,0
0.59,75,0
0.59,77,0
0.59,78,0
0.59,79,0
0.59,80,0
0.59,81,0
0.59,82,0
0.59,85,0
0.59,87,0
0.59,88,0
0.59,90,0
0.59,91,0
0.59,93,0
0.59,94,0
0.59,96,0
0.59,99,0
0.6,17,1
0.6,19,1
0.6,21,1
0.6,52,1
0.6,63,1
0.6,77,1
0.6,89,1
0.60,100,0
0.60,19,0
0.60,22,0
0.60,23,0
0.60,25,0
0.60,26,0
0.60,27,0
0.60,29,0
0.60,30,0
0.60,31,0
0.60,33,0
0.60,34,0
0.60,36,0
0.60,37,0
0.60,41,0
0.60,43,0
0.60,49,0
0.60,50,0
0.60,51,0
0.60,52,0
0.60,53,0
0.60,55,0
0.60,58,0
0.60,59,0
0.60,60,0
0.60,61,0
0.60,63,0
0.60,65,0
0.60,66,0
0.60,67,0
0.60,68,0
0.60,69,0
0.60,70,0
0.60,72,0
0.60,73,0
0.60,74,0
0.60,76,0
0.60,78,0
0.60,80,0
0.60,81,0
0.60,82,0
0.60,83,0
0.60,84,0
0.60,85,0
0.60,89,0
0.60,90,0
0.60,92,0
0.60,96,0
0.60,98,0
0.60,99,0
0.61,10,0
0.61,19,0
0.61,22,0
0.61,25,0
0.61,26,0
0.61,28,0
0.61,4,0
0.61,41,0
0.61,43,0
0.61,44,0
0.61,45,0
0.61,46,0
0.61,49,0
0.61,5,0
0.61,50,0
0.61,52,0
0.61,54,0
0.61,59,0
0.61,61,0
0.61,63,0
0.61,65,0
0.61,68,0
0.61,70,0
0.61,72,0
0.61,73,0
0.61,74,0
0.61,76,0
0.61,79,0
0.61,85,0
0.61,86,0
0.61,9,0
0.61,93,0
0.61,94,0
0.61,99,0
0.62,100,0
0.62,13,0
0.62,15,0
0.62,16,0
0.62,19,0
0.62,2,0
0.62,21,0
0.62,26,0
0.62,29,0
0.62,30,0
0.62,32,0
0.62,36,0
0.62,38,0
0.62,40,0
0.62,43,0
0.62,47,0
0.62,49,0
0.62,5,0
0.62,50,0
0.62,52,0
0.62,54,0
0.62,55,0
0.62,58,0
0.62,6,0
0.62,62,0
0.62,67,0
0.62,70,0
0.62,74,0
0.62,77,0
0.62,79,0
0.62,8,0
0.62,81,0
0.62,86,0
0.62,88,0
0.62,90,0
0.62,94,0
0.62,95,0
0.62,96,0
0.62,98,0
0.63,1,0
0.63,11,0
0.63,14,0
0.63,17,0
0.63,19,0
0.63,2,0
0.63,25,0
0.63,27,0
0.63,28,0
0.63,3,0
0.63,35,0
0.63,36,0
0.63,38,0
0.63,39,0
0.63,41,0
0.63,46,0
0.63,47,0
0.63,48,0
0.63,49,0
0.63,51,0
0.63,53,0
0.63,54,0
0.63,56,0
0.63,58,0
0.63,60,0
0.63,62,0
0.63,63,0
0.63,64,0
0.63,65,0
0.63,66,0
0.63,67,0
0.63,68,0
0.63,69,0
0.63,71,0
0.63,75,0
0.63,77,0
0.63,78,0
0.63,80,0
0.63,81,0
0.63,85,0
0.63,86,0
0.63,88,0
0.63,9,0
0.63,90,0
0.63,92,0
0.63,94,0
0.63,95,0
0.64,1,0
0.64,100,0
0.64,12,0
0.64,14,0
0.64,15,0
0.64,17,0
0.64,19,0
0.64,2,0
0.64,20,0
0.64,22,0
0.64,29,0
0.64,3,0
0.64,30,0
0.64,33,0
0.64,38,0
0.64,5,0
0.64,52,0
0.64,56,0
0.64,58,0
0.64,59,0
0.64,6,0
0.64,60,0
0.64,62,0
0.64,66,0
0.64,69,0
0.64,73,0
0.64,75,0
0.64,77,0
0.64,78,0
0.64,8,0
0.64,80,0
0.64,84,0
0.64,86,0
0.64,88,0
0.64,89,0
0.64,9,0
0.64,90,0
0.64,91,0
0.64,98,0
0.64,99,0
0.65,13,0
0.65,14,0
0.65,15,0
0.65,16,0
0.65,26,0
0.65,28,0
0.65,29,0
0.65,30,0
0.65,31,0
0.65,33,0
0.65,4,0
0.65,41,0
0.65,43,0
0.65,47,0
0.65,48,0
0.65,5,0
0.65,51,0
0.65,59,0
0.65,60,0
0.65,65,0
0.65,66,0
0.65,71,0
0.65,72,0
0.65,74,0
0.65,77,0
0.65,78,0
0.65,79,0
0.65,80,0
0.65,83,0
0.65,85,0
0.65,88,0
0.65,9,0
0.65,91,0
0.65,92,0
0.65,93,0
0.65,97,0
0.66,1,0
0.66,10,0
0.66,100,0
0.66,16,0
0.66,17,0
0.66,19,0
0.66,20,0
0.66,24,0
0.66,26,0
0.66,27,0
0.66,28,0
0.66,29,0
0.66,30,0
0.66,32,0
0.66,33,0
0.66,35,0
0.66,36,0
0.66,38,0
0.66,4,0
0.66,46,0
0.66,48,0
0.66,5,0
0.66,50,0
0.66,53,0
0.66,54,0
0.66,56,0
0.66,57,0
0.66,58,0
0.66,59,0
0.66,6,0
0.66,65,0
0.66,66,0
0.66,68,0
0.66,7,0
0.66,74,0
0.66,75,0
0.66,76,0
0.66,82,0
0.66,84,0
0.66,85,0
0.66,89,0
0.66,94,0
0.66,96,0
0.66,97,0
0.66,98,0
0.67,1,0
0.67,14,0
0.67,15,0
0.67,20,0
0.67,22,0
0.67,24,0
0.67,27,0
0.67,33,0
0.67,38,0
0.67,39,0
0.67,41,0
0.67,43,0
0.67,44,0
0.67,45,0
0.67,47,0
0.67,48,0
0.67,49,0
0.67,55,0
0.67,57,0
0.67,58,0
0.67,60,0
0.67,62,0
0.67,68,0
0.67,69,0
0.67,7,0
0.67,72,0
0.67,76,0
0.67,78,0
0.67,79,0
0.67,8,0
0.67,80,0
0.67,81,0
0.67,84,0
0.67,85,0
0.67,90,0
0.67,92,0
0.67,94,0
0.67,95,0
0.67,97,0
0.68,11,0
0.68,15,0
0.68,16,0
0.68,19,0
0.68,2,0
0.68,20,0
0.68,21,0
0.68,22,0
0.68,26,0
0.68,27,0
0.68,29,0
0.68,31,0
0.68,33,0
0.68,35,0
0.68,36,0
0.68,37,0
0.68,38,0
0.68,39,0
0.68,41,0
0.68,42,0
0.68,45,0
0.68,5,0
0.68,50,0
0.68,52,0
0.68,54,0
0.68,6,0
0.68,65,0
0.68,7,0
0.68,72,0
0.68,77,0
0.68,78,0
0.68,81,0
0.68,83,0
0.68,88,0
0.68,9,0
0.68,91,0
0.68,92,0
0.68,93,0
0.68,94,0
0.68,95,0
0.68,96,0
0.68,99,0
0.69,13,0
0.69,15,0
0.69,19,0
0.69,2,0
0.69,21,0
0.69,22,0
0.69,23,0
0.69,3,0
0.69,30,0
0.69,31,0
0.69,32,0
0.69,33,0
0.69,36,0
0.69,37,0
0.69,49,0
0.69,50,0
0.69,52,0
0.69,54,0
0.69,55,0
0.69,59,0
0.69,64,0
0.69,69,0
0.69,7,0
0.69,70,0
0.69,72,0
0.69,74,0
0.69,76,0
0.69,77,0
0.69,80,0
0.69,83,0
0.69,85,0
0.69,86,0
0.69,9,0
0.69,91,0
0.69,95,0
0.69,97,0
0.69,98,0
0.7,30,1
0.7,77,1
0.70,10,0
0.70,13,0
0.70,15,0
0.70,18,0
0.70,19,0
0.70,2,0
0.70,20,0
0.70,22,0
0.70,23,0
0.70,24,0
0.70,3,0
0.70,30,0
0.70,33,0
0.70,35,0
0.70,37,0
0.70,39,0
0.70,40,0
0.70,41,0
0.70,42,0
0.70,44,0
0.70,47,0
0.70,49,0
0.70,50,0
0.70,51,0
0.70,57,0
0.70,6,0
0.70,62,0
0.70,71,0
0.70,76,0
0.70,78,0
0.70,82,0
0.70,83,0
0.70,85,0
0.70,87,0
0.70,88,0
0.70,90,0
0.70,91,0
0.70,97,0
0.70,99,0
0.71,10,0
0.71,100,0
0.71,15,0
0.71,16,0
0.71,18,0
0.71,21,0
0.71,24,0
0.71,29,0
0.71,3,0
0.71,32,0
0.71,35,0
0.71,36,0
0.71,38,0
0.71,41,0
0.71,44,0
0.71,46,0
0.71,5,0
0.71,52,0
0.71,57,0
0.71,59,0
0.71,61,0
0.71,63,0
0.71,64,0
0.71,67,0
0.71,75,0
0.71,76,0
0.71,78,0
0.71,84,0
0.71,87,0
0.71,88,0
0.71,89,0
0.71,90,0
0.71,94,0
0.71,95,0
0.72,1,0
0.72,100,0
0.72,15,0
0.72,18,0
0.72,2,0
0.72,24,0
0.72,27,0
0.72,28,0
0.72,29,0
0.72,30,0
0.72,33,0
0.72,36,0
0.72,4,0
0.72,40,0
0.72,42,0
0.72,44,0
0.72,46,0
0.72,47,0
0.72,5,0
0.72,50,0
0.72,51,0
0.72,52,0
0.72,53,0
0.72,54,0
0.72,56,0
0.72,58,0
0.72,6,0
0.72,64,0
0.72,67,0
0.72,69,0
0.72,70,0
0.72,74,0
0.72,75,0
0.72,77,0
0.72,79,0
0.72,80,0
0.72,81,0
0.72,85,0
0.72,88,0
0.72,9,0
0.72,92,0
0.72,94,0
0.73,1,0
0.73,10,0
0.73,17,0
0.73,18,0
0.73,2,0
0.73,23,0
0.73,24,0
0.73,27,0
0.73,29,0
0.73,37,0
0.73,39,0
0.73,40,0
0.73,45,0
0.73,46,0
0.73,47,0
0.73,48,0
0.73,5,0
0.73,52,0
0.73,53,0
0.73,54,0
0.73,57,0
0.73,59,0
0.73,6,0
0.73,60,0
0.73,63,0
0.73,64,0
0.73,66,0
0.73,69,0
0.73,7,0
0.73,71,0
0.73,72,0
0.73,75,0
0.73,77,0
0.73,8,0
0.73,80,0
0.73,83,0
0.73,85,0
0.73,87,0
0.73,89,0
0.73,9,0
0.73,90,0
0.73,99,0
0.74,1,0
0.74,14,0
0.74,15,0
0.74,16,0
0.74,17,0
0.74,18,0
0.74,2,0
0.74,22,0
0.74,23,0
0.74,25,0
0.74,30,0
0.74,31,0
0.74,32,0
0.74,35,0
0.74,36,0
0.74,39,0
0.74,40,0
0.74,44,0
0.74,47,0
0.74,48,0
0.74,49,0
0.74,51,0
0.74,53,0
0.74,55,0
0.74,56,0
0.74,57,0
0.74,59,0
0.74,6,0
0.74,61,0
0.74,62,0
0.74,64,0
0.74,66,0
0.74,67,0
0.74,70,0
0.74,71,0
0.74,72,0
0.74,73,0
0.74,75,0
0.74,76,0
0.74,77,0
0.74,80,0
0.74,89,0
0.74,91,0
0.74,92,0
0.74,94,0
0.74,96,0
0.74,97,0
0.74,98,0
0.74,99,0
0.75,11,0
0.75,18,0
0.75,19,0
0.75,2,0
0.75,20,0
0.75,21,0
0.75,22,0
0.75,3,0
0.75,31,0
0.75,33,0
0.75,4,0
0.75,43,0
0.75,44,0
0.75,45,0
0.75,46,0
0.75,50,0
0.75,51,0
0.75,55,0
0.75,58,0
0.75,6,0
0.75,60,0
0.75,65,0
0.75,68,0
0.75,71,0
0.75,75,0
0.75,76,0
0.75,77,0
0.75,79,0
0.75,8,0
0.75,80,0
0.75,84,0
0.75,85,0
0.75,87,0
0.75,94,0
0.75,97,0
0.75,98,0
0.76,10,0
0.76,100,0
0.76,13,0
0.76,16,0
0.76,19,0
0.76,2,0
0.76,20,0
0.76,23,0
0.76,24,0
0.76,25,0
0.76,26,0
0.76,27,0
0.76,29,0
0.76,31,0
0.76,33,0
0.76,45,0
0.76,46,0
0.76,48,0
0.76,49,0
0.76,51,0
0.76,56,0
0.76,57,0
0.76,58,0
0.76,59,0
0.76,60,0
0.76,62,0
0.76,63,0
0.76,64,0
0.76,67,0
0.76,69,0
0.76,72,0
0.76,73,0
0.76,75,0
0.76,79,0
0.76,8,0
0.76,81,0
0.76,82,0
0.76,95,0
0.76,96,0
0.76,97,0
0.77,10,0
0.77,11,0
0.77,14,0
0.77,22,0
0.77,23,0
0.77,25,0
0.77,27,0
0.77,28,0
0.77,3,0
0.77,30,0
0.77,31,0
0.77,32,0
0.77,37,0
0.77,40,0
0.77,41,0
0.77,43,0
0.77,48,0
0.77,49,0
0.77,55,0
0.77,56,0
0.77,58,0
0.77,59,0
0.77,6,0
0.77,60,0
0.77,67,0
0.77,68,0
0.77,7,0
0.77,71,0
0.77,74,0
0.77,75,0
0.77,78,0
0.77,88,0
0.77,97,0
0.77,98,0
0.78,10,0
0.78,100,0
0.78,13,0
0.78,16,0
0.78,2,0
0.78,20,0
0.78,27,0
0.78,29,0
0.78,3,0
0.78,33,0
0.78,34,0
0.78,38,0
0.78,39,0
0.78,46,0
0.78,48,0
0.78,50,0
0.78,53,0
0.78,54,0
0.78,59,0
0.78,60,0
0.78,64,0
0.78,65,0
0.78,66,0
0.78,67,0
0.78,70,0
0.78,72,0
0.78,73,0
0.78,78,0
0.78,82,0
0.78,84,0
0.78,94,0
0.78,98,0
0.78,99,0
0.79,1,0
0.79,12,0
0.79,2,0
0.79,24,0
0.79,26,0
0.79,28,0
0.79,30,0
0.79,32,0
0.79,33,0
0.79,35,0
0.79,39,0
0.79,41,0
0.79,42,0
0.79,44,0
0.79,45,0
0.79,47,0
0.79,48,0
0.79,50,0
0.79,52,0
0.79,53,0
0.79,59,0
0.79,62,0
0.79,63,0
0.79,66,0
0.79,68,0
0.79,7,0
0.79,70,0
0.79,71,0
0.79,72,0
0.79,74,0
0.79,76,0
0.79,77,0
0.79,78,0
0.79,8,0
0.79,84,0
0.79,90,0
0.79,95,0
0.79,97,0
0.79,99,0
0.8,16,1
0.8,21,1
0.8,39,1
0.8,41,1
0.8,48,1
0.8,61,1
0.8,93,1
0.80,1,0
0.80,11,0
0.80,13,0
0.80,15,0
0.80,16,0
0.80,17,0
0.80,21,0
0.80,22,0
0.80,23,0
0.80,24,0
0.80,25,0
0.80,26,0
0.80,27,0
0.80,29,0
0.80,32,0
0.80,36,0
0.80,37,0
0.80,38,0
0.80,39,0
0.80,4,0
0.80,41,0
0.80,42,0
0.80,43,0
0.80,46,0
0.80,48,0
0.80,49,0
0.80,52,0
0.80,57,0
0.80,58,0
0.80,59,0
0.80,61,0
0.80,64,0
0.80,70,0
0.80,71,0
0.80,73,0
0.80,74,0
0.80,81,0
0.80,84,0
0.80,88,0
0.80,91,0
0.80,93,0
0.80,97,0
0.80,98,0
0.81,1,0
0.81,100,0
0.81,17,0
0.81,21,0
0.81,22,0
0.81,23,0
0.81,25,0
0.81,30,0
0.81,32,0
0.81,35,0
0.81,39,0
0.81,40,0
0.81,43,0
0.81,44,0
0.81,45,0
0.81,46,0
0.81,47,0
0.81,48,0
0.81,49,0
0.81,5,0
0.81,51,0
0.81,52,0
0.81,53,0
0.81,56,0
0.81,58,0
0.81,6,0
0.81,62,0
0.81,63,0
0.81,64,0
0.81,66,0
0.81,68,0
0.81,71,0
0.81,72,0
0.81,73,0
0.81,74,0
0.81,77,0
0.81,78,0
0.81,79,0
0.81,81,0
0.81,82,0
0.81,83,0
0.81,84,0
0.81,85,0
0.81,86,0
0.81,89,0
0.81,93,0
0.81,94,0
0.81,98,0
0.82,10,0
0.82,13,0
0.82,16,0
0.82,18,0
0.82,19,0
0.82,23,0
0.82,24,0
0.82,26,0
0.82,3,0
0.82,30,0
0.82,38,0
0.82,40,0
0.82,45,0
0.82,47,0
0.82,49,0
0.82,5,0
0.82,51,0
0.82,56,0
0.82,57,0
0.82,58,0
0.82,59,0
0.82,6,0
0.82,63,0
0.82,64,0
0.82,67,0
0.82,69,0
0.82,76,0
0.82,78,0
0.82,79,0
0.82,8,0
0.82,80,0
0.82,84,0
0.82,91,0
0.82,93,0
0.82,94,0
0.82,95,0
0.82,99,0
0.83,1,0
0.83,10,0
0.83,12,0
0.83,15,0
0.83,17,0
0.83,19,0
0.83,2,0
0.83,20,0
0.83,26,0
0.83,33,0
0.83,37,0
0.83,39,0
0.83,4,0
0.83,42,0
0.83,48,0
0.83,50,0
0.83,51,0
0.83,55,0
0.83,57,0
0.83,6,0
0.83,64,0
0.83,65,0
0.83,7,0
0.83,70,0
0.83,71,0
0.83,72,0
0.83,78,0
0.83,8,0
0.83,85,0
0.83,86,0
0.83,87,0
0.83,88,0
0.83,9,0
0.83,90,0
0.83,92,0
0.83,96,0
0.83,97,0
0.84,10,0
0.84,100,0
0.84,12,0
0.84,14,0
0.84,15,0
0.84,16,0
0.84,19,0
0.84,2,0
0.84,22,0
0.84,24,0
0.84,28,0
0.84,30,0
0.84,32,0
0.84,4,0
0.84,42,0
0.84,45,0
0.84,48,0
0.84,49,0
0.84,52,0
0.84,53,0
0.84,58,0
0.84,62,0
0.84,66,0
0.84,67,0
0.84,68,0
0.84,69,0
0.84,7,0
0.84,71,0
0.84,72,0
0.84,73,0
0.84,79,0
0.84,8,0
0.84,80,0
0.84,81,0
0.84,82,0
0.84,91,0
0.84,92,0
0.84,94,0
0.84,95,0
0.84,96,0
0.84,97,0
0.84,98,0
0.84,99,0
0.85,10,0
0.85,100,0
0.85,17,0
0.85,19,0
0.85,20,0
0.85,21,0
0.85,26,0
0.85,28,0
0.85,30,0
0.85,33,0
0.85,35,0
0.85,45,0
0.85,47,0
0.85,48,0
0.85,49,0
0.85,5,0
0.85,50,0
0.85,55,0
0.85,6,0
0.85,66,0
0.85,68,0
0.85,70,0
0.85,71,0
0.85,78,0
0.85,85,0
0.85,88,0
0.85,9,0
0.85,92,0
0.85,98,0
0.85,99,0
0.86,10,0
0.86,100,0
0.86,15,0
0.86,17,0
0.86,18,0
0.86,19,0
0.86,2,0
0.86,21,0
0.86,23,0
0.86,26,0
0.86,29,0
0.86,3,0
0.86,30,0
0.86,33,0
0.86,34,0
0.86,35,0
0.86,36,0
0.86,37,0
0.86,38,0
0.86,42,0
0.86,46,0
0.86,47,0
0.86,51,0
0.86,52,0
0.86,54,0
0.86,56,0
0.86,6,0
0.86,60,0
0.86,65,0
0.86,66,0
0.86,67,0
0.86,72,0
0.86,73,0
0.86,75,0
0.86,8,0
0.86,80,0
0.86,83,0
0.86,90,0
0.86,91,0
0.86,93,0
0.86,94,0
0.86,97,0
0.86,99,0
0.87,10,0
0.87,100,0
0.87,11,0
0.87,13,0
0.87,14,0
0.87,17,0
0.87,19,0
0.87,2,0
0.87,20,0
0.87,21,0
0.87,23,0
0.87,25,0
0.87,27,0
0.87,29,0
0.87,31,0
0.87,36,0
0.87,39,0
0.87,41,0
0.87,44,0
0.87,45,0
0.87,47,0
0.87,48,0
0.87,51,0
0.87,52,0
0.87,53,0
0.87,56,0
0.87,6,0
0.87,61,0
0.87,62,0
0.87,66,0
0.87,69,0
0.87,70,0
0.87,71,0
0.87,76,0
0.87,78,0
0.87,85,0
0.87,87,0
0.87,91,0
0.87,92,0
0.87,93,0
0.87,95,0
0.87,99,0
0.88,100,0
0.88,11,0
0.88,12,0
0.88,14,0
0.88,19,0
0.88,2,0
0.88,24,0
0.88,25,0
0.88,28,0
0.88,31,0
0.88,32,0
0.88,38,0
0.88,4,0
0.88,43,0
0.88,45,0
0.88,47,0
0.88,48,0
0.88,5,0
0.88,50,0
0.88,53,0
0.88,55,0
0.88,57,0
0.88,59,0
0.88,6,0
0.88,60,0
0.88,61,0
0.88,64,0
0.88,68,0
0.88,72,0
0.88,73,0
0.88,74,0
0.88,75,0
0.88,78,0
0.88,8,0
0.88,81,0
0.88,82,0
0.88,83,0
0.88,85,0
0.88,87,0
0.88,9,0
0.88,90,0
0.88,94,0
0.88,96,0
0.88,98,0
0.89,100,0
0.89,12,0
0.89,14,0
0.89,16,0
0.89,18,0
0.89,21,0
0.89,22,0
0.89,25,0
0.89,28,0
0.89,30,0
0.89,31,0
0.89,32,0
0.89,33,0
0.89,36,0
0.89,43,0
0.89,46,0
0.89,49,0
0.89,52,0
0.89,53,0
0.89,55,0
0.89,56,0
0.89,58,0
0.89,59,0
0.89,6,0
0.89,60,0
0.89,63,0
0.89,64,0
0.89,66,0
0.89,67,0
0.89,72,0
0.89,73,0
0.89,74,0
0.89,75,0
0.89,81,0
0.89,83,0
0.89,84,0
0.89,85,0
0.89,86,0
0.89,88,0
0.89,90,0
0.89,92,0
0.89,94,0
0.89,95,0
0.9,39,1
0.9,66,1
0.9,69,1
0.9,74,1
0.9,77,1
0.9,80,1
0.9,84,1
0.9,86,1
0.90,11,0
0.90,13,0
0.90,14,0
0.90,15,0
0.90,17,0
0.90,20,0
0.90,24,0
0.90,29,0
0.90,3,0
0.90,32,0
0.90,35,0
0.90,38,0
0.90,4,0
0.90,41,0
0.90,42,0
0.90,45,0
0.90,46,0
0.90,47,0
0.90,5,0
0.90,51,0
0.90,52,0
0.90,53,0
0.90,54,0
0.90,6,0
0.90,61,0
0.90,65,0
0.90,66,0
0.90,68,0
0.90,7,0
0.90,70,0
0.90,76,0
0.90,77,0
0.90,78,0
0.90,81,0
0.90,82,0
0.90,83,0
0.90,85,0
0.90,86,0
0.90,87,0
0.90,88,0
0.90,92,0
0.90,93,0
0.90,95,0
0.91,1,0
0.91,12,0
0.91,13,0
0.91,18,0
0.91,2,0
0.91,20,0
0.91,26,0
0.91,3,0
0.91,33,0
0.91,34,0
0.91,37,0
0.91,38,0
0.91,39,0
0.91,4,0
0.91,40,0
0.91,44,0
0.91,46,0
0.91,49,0
0.91,52,0
0.91,54,0
0.91,55,0
0.91,56,0
0.91,57,0
0.91,62,0
0.91,68,0
0.91,70,0
0.91,84,0
0.91,89,0
0.91,9,0
0.91,93,0
0.91,96,0
0.91,98,0
0.91,99,0
0.92,10,0
0.92,11,0
0.92,13,0
0.92,15,0
0.92,16,0
0.92,17,0
0.92,20,0
0.92,25,0
0.92,29,0
0.92,3,0
0.92,31,0
0.92,33,0
0.92,34,0
0.92,36,0
0.92,37,0
0.92,38,0
0.92,39,0
0.92,4,0
0.92,40,0
0.92,41,0
0.92,44,0
0.92,45,0
0.92,47,0
0.92,48,0
0.92,5,0
0.92,51,0
0.92,52,0
0.92,53,0
0.92,54,0
0.92,56,0
0.92,57,0
0.92,63,0
0.92,64,0
0.92,67,0
0.92,68,0
0.92,72,0
0.92,74,0
0.92,77,0
0.92,8,0
0.92,87,0
0.92,91,0
0.92,92,0
0.92,95,0
0.92,99,0
0.93,100,0
0.93,11,0
0.93,13,0
0.93,16,0
0.93,18,0
0.93,2,0
0.93,20,0
0.93,21,0
0.93,22,0
0.93,23,0
0.93,25,0
0.93,29,0
0.93,30,0
0.93,31,0
0.93,32,0
0.93,34,0
0.93,37,0
0.93,38,0
0.93,43,0
0.93,45,0
0.93,47,0
0.93,48,0
0.93,49,0
0.93,50,0
0.93,53,0
0.93,54,0
0.93,58,0
0.93,59,0
0.93,67,0
0.93,68,0
0.93,71,0
0.93,72,0
0.93,74,0
0.93,76,0
0.93,77,0
0.93,8,0
0.93,80,0
0.93,86,0
0.93,87,0
0.93,90,0
0.93,97,0
0.93,98,0
0.94,100,0
0.94,11,0
0.94,17,0
0.94,20,0
0.94,22,0
0.94,23,0
0.94,26,0
0.94,31,0
0.94,34,0
0.94,35,0
0.94,36,0
0.94,39,0
0.94,40,0
0.94,44,0
0.94,47,0
0.94,55,0
0.94,58,0
0.94,60,0
0.94,61,0
0.94,62,0
0.94,64,0
0.94,65,0
0.94,69,0
0.94,71,0
0.94,73,0
0.94,77,0
0.94,78,0
0.94,79,0
0.94,8,0
0.94,80,0
0.94,84,0
0.94,85,0
0.94,86,0
0.94,88,0
0.94,89,0
0.94,95,0
0.94,96,0
0.94,97,0
0.94,98,0
0.94,99,0
0.95,11,0
0.95,13,0
0.95,15,0
0.95,17,0
0.95,18,0
0.95,2,0
0.95,23,0
0.95,28,0
0.95,29,0
0.95,30,0
0.95,35,0
0.95,39,0
0.95,4,0
0.95,41,0
0.95,42,0
0.95,45,0
0.95,46,0
0.95,47,0
0.95,52,0
0.95,54,0
0.95,55,0
0.95,57,0
0.95,6,0
0.95,63,0
0.95,67,0
0.95,7,0
0.95,70,0
0.95,72,0
0.95,78,0
0.95,79,0
0.95,80,0
0.95,81,0
0.95,87,0
0.95,88,0
0.95,94,0
0.95,99,0
0.96,1,0
0.96,10,0
0.96,12,0
0.96,13,0
0.96,15,0
0.96,16,0
0.96,17,0
0.96,19,0
0.96,24,0
0.96,30,0
0.96,32,0
0.96,33,0
0.96,34,0
0.96,37,0
0.96,39,0
0.96,40,0
0.96,41,0
0.96,42,0
0.96,45,0
0.96,49,0
0.96,5,0
0.96,50,0
0.96,52,0
0.96,54,0
0.96,56,0
0.96,58,0
0.96,59,0
0.96,60,0
0.96,62,0
0.96,63,0
0.96,64,0
0.96,65,0
0.96,66,0
0.96,68,0
0.96,71,0
0.96,72,0
0.96,75,0
0.96,79,0
0.96,8,0
0.96,80,0
0.96,81,0
0.96,83,0
0.96,85,0
0.96,86,0
0.96,88,0
0.96,9,0
0.96,92,0
0.96,96,0
0.96,98,0
0.96,99,0
0.97,12,0
0.97,14,0
0.97,15,0
0.97,16,0
0.97,18,0
0.97,2,0
0.97,21,0
0.97,22,0
0.97,23,0
0.97,24,0
0.97,28,0
0.97,29,0
0.97,31,0
0.97,34,0
0.97,4,0
0.97,47,0
0.97,49,0
0.97,50,0
0.97,52,0
0.97,54,0
0.97,55,0
0.97,56,0
0.97,57,0
0.97,59,0
0.97,65,0
0.97,67,0
0.97,69,0
0.97,7,0
0.97,72,0
0.97,73,0
0.97,74,0
0.97,77,0
0.97,78,0
0.97,79,0
0.97,8,0
0.97,80,0
0.97,86,0
0.97,87,0
0.97,88,0
0.97,94,0
0.97,96,0
0.97,98,0
0.97,99,0
0.98,1,0
0.98,11,0
0.98,14,0
0.98,18,0
0.98,19,0
0.98,21,0
0.98,22,0
0.98,25,0
0.98,26,0
0.98,28,0
0.98,29,0
0.98,37,0
0.98,38,0
0.98,41,0
0.98,43,0
0.98,5,0
0.98,50,0
0.98,52,0
0.98,54,0
0.98,56,0
0.98,57,0
0.98,58,0
0.98,59,0
0.98,63,0
0.98,66,0
0.98,67,0
0.98,68,0
0.98,72,0
0.98,73,0
0.98,74,0
0.98,76,0
0.98,78,0
0.98,8,0
0.98,80,0
0.98,85,0
0.98,87,0
0.98,88,0
0.98,9,0
0.98,93,0
0.98,98,0
0.98,99,0
0.99,12,0
0.99,14,0
0.99,2,0
0.99,20,0
0.99,23,0
0.99,24,0
0.99,27,0
0.99,29,0
0.99,32,0
0.99,34,0
0.99,4,0
0.99,40,0
0.99,41,0
0.99,42,0
0.99,45,0
0.99,56,0
0.99,60,0
0.99,61,0
0.99,62,0
0.99,79,0
0.99,80,0
0.99,83,0
0.99,84,0
0.99,86,0
0.99,87,0
0.99,91,0
0.99,94,0
0.99,95,0
0.99,97,0
0.99,99,0
